업체명,지점명,성별전용,보증금,월세,인실
쉐어하우스 까사,숭실대점,여성전용,80만원,43만원,2인실
커먼타운,성수 952 Room B,여성전용,300만원,49만원,3인실
핵이 하우스,태릉입구역점,여성전용,0만원,42만원,1인실
로뎀나무,Joy하우스 논현점,여성전용,60만원,25만원,3인실
소행주 특집,장안동점,여성전용,150만원,29만원,2인실
마주공간 쉐어하우스,논현2호점,여성전용,100만원,41만원,2인실
더핑크브릭,서울과기대점,여성전용,100만원,35만원,2인실
복덕방,논현2호점,여성전용,100만원,57만원,1인실
복덕방,압구정 1호점,여성전용,90만원,45만원,2인실
MOVHOUSE,논현2호점,여성전용,100만원,59만원,1인실
선녀방,신대방점,여성전용,80만원,42만원,2인실
장안생활,장한평점,성별무관,1000만원,47만원,1인실
자몽 셰어하우스,상도점,여성전용,300만원,40만원,1인실
세렘 쉐어하우스,신대방점,여성전용,100만원,35만원,1인실
에이블하우스,성수 2호점,여성전용,300만원,36만원,3인실
동거동락,8호 논현점,여성전용,99만원,46만원,2인실
품안의 새,인셉션_신대방3거리역 Room ImB,여성전용,68만원,34만원,2인실
달램쉐어하우스,논현4호점,여성전용,500만원,17만원,2인실
제인스하우스,신도림점,여성전용,58만원,29만원,2인실
달램쉐어하우스,관악점,여성전용,50만원,14만원,2인실
양드레하우스,논현점,여성전용,100만원,35만원,2인실
마주공간 쉐어하우스,강남(학동)점,여성전용,80만원,38만원,2인실
(남성전용)라임 스페이스,반포점,남성전용,100만원,56만원,1인실
하비비 하우스,신논현점,남성전용,100만원,32만원,3인실
MDP 쉐어하우스,신논현점,여성전용,60만원,50만원,2인실
동거동락,24호 신논현점,여성전용,122만원,52만원,1인실
양드레하우스,신논현점,여성전용,100만원,40만원,2인실
(남성전용)라임 스페이스,신논현점,남성전용,50만원,39만원,2인실
오플랫 쉐어하우스,오플랫 신논현점,여성전용,100만원,55만원,1인실
젤리 쉐어하우스,청담점,여성전용,1000만원,44만원,1인실
양드레하우스,신논현2호점,여성전용,100만원,43만원,2인실
팸하우스,세종대 3호점,여성전용,100만원,39만원,2인실
팸하우스,세종대 2호점,여성전용,100만원,36만원,2인실
동그라미 쉐어하우스,청담 1호점,남성전용,50만원,45만원,1인실
제이 쉐어하우스,세종대점,여성전용,42만원,42만원,2인실
잠자리,신림 : 4호점,여성전용,104만원,52만원,1인실
동그라미 쉐어하우스,학동역점,남성전용,50만원,52만원,1인실
여기쯤 쉐어하우스,여기쯤 논현2호점,여성전용,80만원,35만원,3인실
쉐어하우스 더뮤즈,강남구청점,여성전용,78만원,39만원,3인실
동네친구,8호점,여성전용,86만원,43만원,2인실
슈니하우스,건대 2호점,여성전용,50만원,52만원,1인실
동거동락,10호 건국대점,여성전용,110만원,51만원,1인실
양드레하우스,강남2호점,여성전용,100만원,45만원,2인실
우리별 포디하우스,사당별 룸1(2인실),여성전용,100만원,29만원,2인실
세이프헤븐,이수점,여성전용,100만원,42만원,1인실
복덕방,청담사거리점,여성전용,100만원,54만원,1인실
포도 쉐어하우스,신논현점,남성전용,90만원,43만원,1인실
편안한家 쉐어하우스,건대점,여성전용,100만원,39만원,1인실
청춘가,서울대입구 3호점,여성전용,112만원,56만원,1인실
잠자리,신림 : 2호점,여성전용,90만원,45만원,1인실
동네친구,4호점,여성전용,86만원,43만원,1인실
팸하우스,세종대점,여성전용,100만원,37만원,2인실
우리집,건대_세종대점,여성전용,200만원,66만원,1인실
하메 쉐어하우스,목동점,여성전용,100만원,0만원,2인실
원더우먼 쉐어하우스,건대점,여성전용,138만원,46만원,1인실
슬리퍼 쉐어하우스,대학동점,여성전용,100만원,45만원,1인실
품안의 새,스위티_서울대입구역 2인실 ImB,여성전용,76만원,38만원,2인실
셰어하우스 쉼,서울대입구역점,여성전용,50만원,37만원,2인실
품안의 새,핏타팻_서울대입구역 Room ImP,여성전용,68만원,34만원,2인실
원더우먼 쉐어하우스,니케 하우스 Room A,여성전용,90만원,45만원,1인실
포그니 쉐어하우스,서울대입구역점,여성전용,100만원,32만원,2인실
잠자리,서울대입구(3) : 25호점,여성전용,100만원,50만원,1인실
동그라미 쉐어하우스,서울대입구역점,남성전용,50만원,32만원,1인실
쉐어하우스 리시안,이수역 1호 Room B,여성전용,100만원,50만원,1인실
슈니하우스,건대점,여성전용,50만원,45만원,1인실
네잎클로버 하우스,투미닛_봉천역 2인실(럭셔리),여성전용,72만원,36만원,2인실
쉐어하우스 이층집,신림역 1호점,여성전용,100만원,40만원,1인실
그린,엔틱 하우스 ROOM 3,여성전용,100만원,43만원,2인실
쉐어하우스 이층집,건대역 2호점,여성전용,100만원,36만원,2인실
그린,서울대입구역 2호점,여성전용,100만원,39만원,2인실
동네친구,10호점,남성전용,100만원,46만원,1인실
쉐어필링스,신대방역점,남성전용,94만원,43만원,1인실
잠자리,신대방 : 6호점,남성전용,90만원,45만원,1인실
JAMI 쉐어하우스,대림점,여성전용,100만원,43만원,1인실
동네친구,13호점,남성전용,100만원,34만원,2인실
모니카 하우스,광진1호점,여성전용,80만원,40만원,2인실
동그라미 쉐어하우스,남성역점,성별무관,50만원,34만원,1인실
원더우먼 쉐어하우스,마망 하우스 Room A,여성전용,100만원,46만원,1인실
그래,군자 대학가점,남성전용,100만원,35만원,2인실
슬리퍼 쉐어하우스,건대점,여성전용,114만원,52만원,1인실
Calm&Mood,방배 23호점,여성전용,200만원,47만원,1인실
단미하우스,까치산역점,여성전용,86만원,43만원,1인실
우주,32호점,남성전용,114만원,49만원,1인실
율 하우스,서울대입구역점,여성전용,72만원,36만원,3인실
스테이영 쉐어하우스,서울대입구점,여성전용,40만원,32만원,3인실
동거동락,15호 서울대입구역점,여성전용,106만원,47만원,2인실
그린,서울대입구역점,여성전용,100만원,40만원,1인실
셰어하우스 쉼,봉천역점,여성전용,100만원,45만원,1인실
꼬므,대림역 : 1호점,여성전용,110만원,50만원,1인실
아이엠 쉐어하우스,서울대입구역점,여성전용,100만원,48만원,1인실
동네친구,6호점,여성전용,86만원,43만원,1인실
T house,방배점,남성전용,90만원,38만원,2인실
포그니 쉐어하우스,신림역점,여성전용,30만원,28만원,2인실
도란도란하우스,신대방점,여성전용,70만원,30만원,2인실
home 601,home601_강남 u룸,여성전용,1000만원,50만원,2인실
슈니하우스,건대3호점,여성전용,50만원,52만원,1인실
쉐어필링스,서울대입구역점,남성전용,200만원,52만원,1인실
달램쉐어하우스,신대방점,여성전용,1000만원,27만원,1인실
자몽 셰어하우스,군자점,남성전용,300만원,38만원,1인실
카페인하우스,사가정역점,남성전용,76만원,38만원,2인실
카페인하우스,사가정역점,여성전용,76만원,38만원,2인실
품안의 새,나르샤_신림역 4인실,여성전용,70만원,35만원,4인실
품안의 새,어번_신림역 Room ImB,여성전용,70만원,35만원,4인실
하품 (하우스 꿈을 품다),1호점,남성전용,1000만원,64만원,1인실
품안의 새,쎄라픽_봉천역 Room ImB,여성전용,76만원,38만원,2인실
원앤원하우스,건대_세종대점,여성전용,150만원,33만원,3인실
동네친구,9호점,여성전용,104만원,52만원,1인실
함께꿈꾸는마을,군자대공원 Room C,여성전용,78만원,39만원,2인실
시작(SIZAK)쉐어하우스,이수/남성점,여성전용,80만원,47만원,1인실
에이블하우스,관악 2호점,여성전용,300만원,43만원,2인실
에이블하우스,관악 4호점,여성전용,300만원,43만원,2인실
동네친구,7호점,여성전용,86만원,43만원,1인실
우주,28호점,남성전용,90만원,37만원,2인실
우주,30호점,여성전용,82만원,33만원,2인실
우주,33호점,여성전용,94만원,39만원,2인실
우주,51호점,여성전용,104만원,44만원,1인실
우주,82호점,남성전용,94만원,39만원,1인실
우주,83호점,여성전용,110만원,47만원,1인실
우주,84호점,여성전용,114만원,49만원,1인실
젤리 쉐어하우스,봉천점,여성전용,600만원,29만원,2인실
에이블하우스,관악 3호점,여성전용,300만원,43만원,2인실
Little brown House,신림점,여성전용,80만원,45만원,1인실
(남성전용)라임 스페이스,역삼점,남성전용,50만원,52만원,1인실
올리브 쉐어하우스,신림역 1호점,여성전용,35만원,35만원,2인실
MOVHOUSE,강남DELUXE점,여성전용,150만원,58만원,1인실
도란도란하우스,사당점,여성전용,100만원,46만원,1인실
Sharehouse Cine,루프탑 건대점,여성전용,80만원,39만원,2인실
쉐어하우스 까사,사당역 3호점,여성전용,100만원,53만원,1인실
쉐어하우스 까사,사당역 2호점,여성전용,100만원,50만원,1인실
잠자리,신대방 : 3호점,여성전용,94만원,47만원,1인실
미카사 하우스,1호 봉천 3인실(3),여성전용,70만원,28만원,3인실
세기 하우스,봉천점,여성전용,80만원,40만원,1인실
편안한家 쉐어하우스,자양점,여성전용,100만원,45만원,1인실
핀휠 쉐어하우스,대림점,여성전용,90만원,43만원,1인실
팸하우스,건대 4호점,남성전용,100만원,31만원,3인실
팸하우스,건대 1호점,여성전용,100만원,34만원,3인실
Singles ( 싱글즈 ),강남하우스 B룸,여성전용,200만원,55만원,2인실
잠자리,구로디지털단지 : 12호점,여성전용,90만원,45만원,1인실
바다유,7호 서울대입구역점,여성전용,90만원,45만원,1인실
홈트리,신도림점,성별무관,60만원,37만원,1인실
우주,18호점,여성전용,92만원,39만원,2인실
양드레하우스,군자1호점,여성전용,100만원,40만원,2인실
Sally's House,강남 서초파라곤 C룸,여성전용,100만원,35만원,2인실
쉐어하우스 STAY,건대1호점,여성전용,100만원,33만원,2인실
Sharehouse Cine,더 홈 강남사당점,여성전용,80만원,38만원,3인실
강남 베타쉐어하우스,강남역점,여성전용,120만원,34만원,2인실
Sally's House,강남역점,여성전용,100만원,38만원,2인실
잠자리,서울대입구 : 1호점,남성전용,100만원,50만원,1인실
팸하우스,건대 2호점,여성전용,100만원,33만원,2인실
팸하우스,건대 3호점,여성전용,100만원,45만원,2인실
달달 쉐어하우스,청담점,여성전용,112만원,56만원,1인실
이너프하우스,사당점,여성전용,100만원,48만원,1인실
지붕,뚝섬유원지역점,여성전용,50만원,33만원,2인실
오아시스 쉐어하우스,건대 2호점,여성전용,150만원,53만원,2인실
앤즈하우스,서울대입구역1 Room C/D,여성전용,88만원,44만원,2인실
동거동락,23호 서울대입구역점,여성전용,102만원,43만원,2인실
설렘 쉐어하우스,신림역점,여성전용,98만원,49만원,1인실
잠자리,낙성대역 : 20호점,여성전용,94만원,47만원,1인실
행복하셰어,역삼점,여성전용,80만원,41만원,2인실
동네친구,1호점,여성전용,80만원,40만원,1인실
동네친구,5호점,여성전용,80만원,40만원,1인실
동네친구,2호점,여성전용,76만원,38만원,2인실
동네친구,3호점,여성전용,80만원,40만원,2인실
동거동락,6호 군자점,여성전용,91만원,42만원,2인실
No.1 쉐어하우스,삼성중앙역점,남성전용,100만원,50만원,1인실
쉐어하우스 리시안,사당역 2호 Room B,여성전용,100만원,50만원,1인실
젤리 쉐어하우스,역삼점,여성전용,600만원,39만원,1인실
휴애락,건대점,여성전용,150만원,48만원,2인실
복덕방,역삼2호점,여성전용,47만원,47만원,1인실
순 스테이,구로디지털단지 1호점,여성전용,70만원,30만원,2인실
순 스테이,구로디지털단지 2호점,여성전용,94만원,41만원,1인실
복덕방,역삼1호점,여성전용,100만원,50만원,1인실
쉐어하우스 루트,방배점,여성전용,90만원,43만원,2인실
동화,구디점,여성전용,100만원,44만원,1인실
방배웰빙쉐어하우스,사당역 2호점,여성전용,70만원,45만원,1인실
달달 쉐어하우스,삼성중앙역점,여성전용,100만원,50만원,1인실
피리하우스,낙성대점,여성전용,86만원,43만원,1인실
양드레하우스,교대점,여성전용,100만원,40만원,2인실
잠자리,구로디지털단지 : 13호점,남성전용,76만원,38만원,2인실
잇츠하우스,강남점,여성전용,100만원,45만원,2인실
바다유,2호 삼성중앙역점,여성전용,100만원,53만원,1인실
채움 쉐어하우스,교대/강남역 1호점,여성전용,100만원,41만원,2인실
채움 쉐어하우스,강남역 2호점,여성전용,100만원,41만원,2인실
우주,42호점,남성전용,86만원,35만원,2인실
우주,43호점,여성전용,90만원,37만원,2인실
바다,구디(구로디지털)집 B Room,여성전용,80만원,40만원,2인실
오아시스 쉐어하우스,낙성대역 3호점,여성전용,150만원,37만원,2인실
오아시스 쉐어하우스,낙성대역점,여성전용,150만원,37만원,2인실
오아시스 쉐어하우스,낙성대역 4호점,여성전용,150만원,36만원,2인실
동네친구,11호점,여성전용,300만원,55만원,1인실
청청,구디역점,남성전용,180만원,90만원,1인실
슈니하우스,삼성중앙역점,여성전용,110만원,55만원,1인실
팸하우스,사당점,여성전용,100만원,39만원,2인실
잠자리,구로디지털단지 : 7호점,여성전용,100만원,50만원,1인실
연남0123/사당0123,사당0123 1인실A,여성전용,90만원,43만원,1인실
동거동락,28B 방배점,여성전용,121만원,52만원,1인실
동거동락,28C 방배점,여성전용,121만원,52만원,1인실
동거동락,28A 방배점,남성전용,121만원,52만원,1인실
벽난로 쉐어하우스,강남코엑스점,여성전용,80만원,42만원,2인실
동그라미 쉐어하우스,봉은사&삼성역점,남성전용,50만원,45만원,1인실
가가호호 쉐어하우스,관악점,남성전용,80만원,38만원,1인실
자몽 셰어하우스,고척동점,여성전용,300만원,30만원,1인실
쉐어하우스 소소한,서초 1호점,여성전용,140만원,47만원,2인실
쉐어하우스 withsomething,역삼점,남성전용,180만원,65만원,1인실
Sharehouse Cine,더 우드 건대점,여성전용,80만원,37만원,2인실
레미하우스,강남점,여성전용,100만원,50만원,2인실
잠자리,신림 대학동 : 21호점,남성전용,84만원,42만원,1인실
복덕방,강남세브란스점,여성전용,150만원,58만원,1인실
Sally's House,선릉역점,여성전용,100만원,31만원,2인실
복덕방,세브란스사거리점,여성전용,100만원,56만원,1인실
썸앤썸 쉐어하우스,삼전점,남성전용,100만원,45만원,1인실
모니카 하우스,잠실역점,여성전용,100만원,53만원,1인실
로이허브,천호점,여성전용,35만원,35만원,3인실
모니카 하우스,잠실3호점,여성전용,80만원,38만원,2인실
바다,암사동집 : 1층 101호,여성전용,100만원,33만원,1인실
모던 하우스,암사역점,여성전용,200만원,34만원,1인실
바다,암사동집 : 2층 201호,여성전용,100만원,37만원,1인실
모던 하우스,천호점,여성전용,200만원,32만원,1인실
양드레하우스,송파점,여성전용,100만원,40만원,2인실
모니카 하우스,잠실4호점,여성전용,80만원,44만원,2인실
제니하우스,송파나루 3호룸,여성전용,100만원,47만원,1인실
몽리(MONLIT),석촌점,여성전용,100만원,55만원,1인실
동그라미 쉐어하우스,석촌역 중간방a,성별무관,50만원,30만원,1인실
원앤원하우스,강동역 2호점,여성전용,200만원,32만원,2인실
가치,가톨릭대 정문 4호점,여성전용,100만원,31만원,2인실
스테이서울,하우스메이트 Room A,성별무관,50만원,50만원,1인실
Sharehouse Cine,오금역점,여성전용,70만원,35만원,2인실
Annie's house,수서역점,여성전용,200만원,50만원,1인실
함께꿈꾸는마을,송파문정마을 ROOM A,여성전용,70만원,35만원,3인실
쉐어하우스 cloud9,킨텍스 대화역점,여성전용,150만원,40만원,1인실
Blessing House,대화 킨텍스점,여성전용,80만원,39만원,1인실
복덕방,대치동 선릉역점,여성전용,100만원,48만원,1인실
다락,블랑하우스 Room C,남성전용,50만원,30만원,3인실
동그라미 쉐어하우스,선릉점,남성전용,50만원,38만원,1인실
앤스테이블,대치 401-2호,남성전용,4000만원,45만원,1인실
애플트리 쉐어하우스,선릉&한티점,남성전용,50만원,29만원,3인실
쉐어필링스,선릉역지점,여성전용,100만원,40만원,2인실
팸하우스,가산디지털단지점,여성전용,100만원,38만원,2인실
팸하우스,양재점,여성전용,100만원,32만원,4인실
팸하우스,매봉1호점,여성전용,100만원,25만원,4인실
팸하우스,매봉 2호점,여성전용,100만원,33만원,2인실
부천 이야기쉐어하우스,1호 고강점,남성전용,50만원,27만원,2인실
양재역 쉐어하우스,양재역점,여성전용,90만원,42만원,2인실
라다팰리스,사회적주택(개봉동) 201호-1,성별무관,300만원,33만원,1인실
우주,76호점,여성전용,100만원,42만원,2인실
우주,75호점,남성전용,96만원,40만원,2인실
우주,74호점,남성전용,100만원,42만원,2인실
Calm&Mood,온수 17호점,여성전용,100만원,45만원,1인실
동그라미 쉐어하우스,개포점,남성전용,50만원,32만원,1인실
함께꿈꾸는마을,강남대청 Room A,여성전용,66만원,33만원,3인실
부천 이야기쉐어하우스,2호 원종점,성별무관,70만원,35만원,1인실
모니카 하우스,잠실2호점,여성전용,80만원,38만원,2인실
쉐어하우스 잎,부천역점,성별무관,70만원,35만원,1인실
함께꿈꾸는마을,송파문정마을02 ROOM A,여성전용,80만원,40만원,2인실
플래닛디 하우스,플래닛디 하우스 2인실 2층침대,여성전용,60만원,30만원,2인실
공감,부평 굴포천역 2호점,여성전용,70만원,35만원,1인실
공감,부평시장역점,여성전용,70만원,35만원,1인실
로라 쉐어하우스,부평구청역점,여성전용,80만원,26만원,2인실
라떼의꿈 쉐어하우스,부평점,여성전용,80만원,35만원,2인실
로라 쉐어하우스,부평시장역점,여성전용,90만원,39만원,1인실
레몬트리 하우스,간석오거리점,여성전용,50만원,33만원,1인실
잠자리,주안역 : 18호점,여성전용,70만원,35만원,1인실
쉐어하우스 봄,주안 1호점,여성전용,76만원,33만원,2인실
베프 쉐어하우스,주안역점,여성전용,68만원,34만원,1인실
레몬,1호점,여성전용,64만원,32만원,1인실
인타운 하우스,인천대점,여성전용,100만원,30만원,1인실
세계로 하우스,종로부암점,성별무관,45만원,50만원,1인실
세계로 하우스,상명대점,남성전용,100만원,35만원,3인실
블랑 쉐어하우스,홍제점,여성전용,100만원,44만원,1인실
다락,홍오하우스 Room B,남성전용,50만원,31만원,2인실
우주,89호점,여성전용,116만원,50만원,1인실
곰 쉐어하우스,홍제점,여성전용,100만원,42만원,1인실
다락,홍원하우스 Room A,성별무관,50만원,39만원,1인실
쏠 쉐어하우스,연신내점,남성전용,50만원,27만원,2인실
다락,헤븐하우스 조용한 영국풍2인실,성별무관,50만원,27만원,2인실
Calm&Mood,홍제 18호점,여성전용,100만원,33만원,1인실
자몽 셰어하우스,연신내점,여성전용,300만원,28만원,1인실
한송 셰어하우스,연신내역점,여성전용,60만원,41만원,1인실
블랑 쉐어하우스,응암점,여성전용,100만원,44만원,1인실
Calm&Mood,DMC(구산) 22호점,여성전용,200만원,39만원,1인실
코코빌,하우스메이트 Room B,여성전용,68만원,44만원,1인실
미소 쉐어하우스,광화문점,여성전용,100만원,55만원,1인실
노란숲,혜화 국제관점,여성전용,150만원,52만원,1인실
이너프하우스,혜화 6호점,여성전용,100만원,45만원,2인실
플레몬 쉐어하우스,29호점,성별무관,50만원,45만원,1인실
슬리퍼 쉐어하우스,한성대점,여성전용,100만원,50만원,1인실
동거동락,33B호점,여성전용,92만원,38만원,1인실
동거동락,33A호점,남성전용,90만원,37만원,1인실
동거동락,27호점,여성전용,109만원,45만원,2인실
따또 쉐어하우스,연희점,여성전용,80만원,38만원,1인실
플러썸스테이,명지대점,남성전용,100만원,42만원,1인실
CNT홈셰어링,1호점,여성전용,100만원,54만원,1인실
CNT홈셰어링,5호점,여성전용,100만원,50만원,1인실
CNT홈셰어링,2호점,여성전용,100만원,53만원,1인실
CNT홈셰어링,4호점,여성전용,100만원,39만원,2인실
CNT홈셰어링,3호점,여성전용,100만원,52만원,1인실
우주,72호점,남성전용,86만원,35만원,1인실
조이쉐어하우스,대학로점,여성전용,76만원,38만원,1인실
우주,70호점,남성전용,84만원,34만원,1인실
우주,67호점,여성전용,84만원,34만원,1인실
자몽 셰어하우스,한성대성북점,남성전용,100만원,30만원,1인실
동거동락,31A호점,여성전용,119만원,51만원,1인실
동거동락,31C호점,여성전용,115만원,49만원,1인실
MK코하우징,연희점,남성전용,100만원,50만원,1인실
에이블하우스,정릉 1호점,여성전용,100만원,42만원,2인실
공상가,연세 1호점,여성전용,108만원,54만원,1인실
위아영 쉐어하우스,아현점,여성전용,100만원,40만원,2인실
아띠 쉐어빌리지,팝 하우스 충정로점,남성전용,50만원,35만원,1인실
공상가,연세 2호점,여성전용,108만원,54만원,1인실
홈스케치,아현2호점,여성전용,76만원,38만원,2인실
Calm&Mood,연희 1호점,여성전용,100만원,25만원,3인실
플레몬 쉐어하우스,13호점,성별무관,50만원,42만원,1인실
UrbanShares,OneNam206 E4~E5,남성전용,100만원,58만원,2인실
잇츠하우스,이대점,여성전용,100만원,40만원,2인실
온더로드 쉐어하우스,대학로점,여성전용,80만원,31만원,3인실
UrbanShares,1stHQ HQ505,성별무관,100만원,72만원,1인실
핀휠 쉐어하우스,이대3호점,여성전용,80만원,33만원,2인실
핀휠 쉐어하우스,연대 1호점,여성전용,80만원,37만원,2인실
핀휠 쉐어하우스,이대1호점,여성전용,80만원,34만원,3인실
핀휠 쉐어하우스,신도림점,여성전용,80만원,34만원,2인실
핀휠 쉐어하우스,이대4호점,여성전용,80만원,33만원,2인실
핀휠 쉐어하우스,이대2호점,남성전용,80만원,33만원,2인실
마주봄 쉐어하우스,혜화 6호점,여성전용,100만원,50만원,1인실
플레몬 쉐어하우스,19호점,성별무관,50만원,30만원,2인실
플레몬 쉐어하우스,20호점,성별무관,50만원,60만원,1인실
프리모,신촌이대점,여성전용,98만원,49만원,2인실
바다,연남동 : 2호 C Room,여성전용,4000만원,0만원,1인실
바다,연남동 : 1호 A Room,여성전용,80만원,40만원,2인실
러브앤피스 쉐어하우스,아현점,여성전용,100만원,45만원,1인실
우주,50호점,여성전용,109만원,46만원,1인실
서로가 쉐어하우스,충정로점,여성전용,50만원,39만원,3인실
자다,한성대_성대점,여성전용,60만원,30만원,3인실
STORYHOUSE,낙타점,남성전용,45만원,45만원,1인실
함께,신촌역점,여성전용,50만원,25만원,4인실
우주,92호점,여성전용,116만원,50만원,1인실
달램쉐어하우스,이대2호점,여성전용,600만원,26만원,1인실
Calm&Mood,혜화 20호점,여성전용,100만원,42만원,2인실
우주,53호점,여성전용,90만원,37만원,2인실
로이쉐어하우스,연남동점,여성전용,40만원,40만원,2인실
동화,홍대점,여성전용,70만원,68만원,2인실
엘르빌 셰어하우스,연남동점,여성전용,55만원,50만원,1인실
달램쉐어하우스,홍대입구점,여성전용,600만원,24만원,1인실
잠자리,정릉역 : 21호점,여성전용,100만원,45만원,1인실
동거동락,3호 연세대점,여성전용,84만원,39만원,2인실
자몽 셰어하우스,대학로점,여성전용,300만원,35만원,3인실
쉐어하우스 보통,아현 3호점,여성전용,70만원,32만원,3인실
쉐어하우스 보통,아현점,여성전용,106만원,53만원,2인실
쉐어하우스 보통,아현 2호점,여성전용,110만원,55만원,1인실
세이프헤븐,DMC점,여성전용,100만원,45만원,1인실
오후3시 쉐어하우스,홍대점,남성전용,100만원,33만원,2인실
에덴 하우스,홍대점,여성전용,70만원,35만원,2인실
하루 쉐어하우스,신촌점,여성전용,45만원,45만원,1인실
코지 쉐어하우스,홍대입구역점,여성전용,102만원,51만원,1인실
바다,상암동 집 Room A,여성전용,88만원,44만원,3인실
플레몬 쉐어하우스,26호점,성별무관,50만원,45만원,1인실
다락,허밍하우스 안락한 1인실,성별무관,50만원,39만원,1인실
굿밤하우스,홍대입구점,여성전용,5만원,25만원,1인실
팸하우스,홍대입구점,여성전용,100만원,37만원,2인실
프렌즈,연남점,여성전용,106만원,53만원,1인실
(남성전용) 청춘시대,2호점,남성전용,31만원,31만원,4인실
자다,메이플 성신여대점,여성전용,90만원,45만원,1인실
엘리맘 쉐어하우스,이대점,여성전용,100만원,40만원,2인실
아이엠하우스,홍대 2호점,여성전용,80만원,51만원,1인실
피클하우스,피클하우스 4번방,성별무관,40만원,40만원,1인실
우주,93호점,여성전용,104만원,44만원,1인실
우주,94호점,남성전용,92만원,38만원,1인실
우주,95호점,여성전용,100만원,42만원,1인실
동거동락,26호 연남동점,여성전용,94만원,38만원,2인실
플레몬 쉐어하우스,1호점,성별무관,50만원,58만원,1인실
피츠 쉐어하우스,연남동 2호점,여성전용,48만원,48만원,1인실
잠자리,성신여대 : 5호점,여성전용,90만원,47만원,1인실
커먼타운,센트럴 261 301,여성전용,300만원,61만원,1인실
애즈홈 쉐어하우스,2호점,여성전용,90만원,45만원,1인실
잠자리,성신여대 : 9호점,여성전용,96만원,48만원,1인실
우주,62호점,여성전용,90만원,37만원,3인실
레피네하우스,명동1호점,여성전용,100만원,50만원,1인실
홈스케치,홍대2호점,여성전용,90만원,45만원,1인실
홈스케치,성신여대점,성별무관,76만원,38만원,2인실
우주,55호점,여성전용,104만원,44만원,1인실
'봄이와 여름이' 쉐어하우스,연남점,여성전용,112만원,52만원,1인실
I&U 쉐어하우스,홍대점,여성전용,100만원,45만원,2인실
핀휠 쉐어하우스,신촌점,여성전용,90만원,43만원,1인실
포코 쉐어하우스,홍대입구역점,여성전용,40만원,20만원,4인실
코방,길음역점,여성전용,110만원,43만원,2인실
원앤원하우스,길음역국민대_서경대점,여성전용,200만원,32만원,2인실
젤리 쉐어하우스,이대점,여성전용,600만원,39만원,1인실
호영이네 하우스,창신역점,여성전용,90만원,43만원,2인실
하늘,수유역2호점,여성전용,50만원,35만원,2인실
외갓집에가자 쉐어하우스,덕성여대점,여성전용,70만원,35만원,2인실
우주,24호점,남성전용,92만원,38만원,2인실
우주,12호점,여성전용,95만원,40만원,2인실
오희,고양점,여성전용,100만원,42만원,1인실
리어반(Re:Urban),홍대점,여성전용,50만원,45만원,1인실
사람앤하우스,미아점,여성전용,74만원,37만원,2인실
소담 쉐어하우스,홍대 1호점,여성전용,40만원,37만원,1인실
웨이브 쉐어하우스,홍대 1호점,여성전용,37만원,37만원,2인실
폼폼 쉐어하우스,돈암풍림점,여성전용,100만원,50만원,1인실
행복하셰어,홍대점,여성전용,38만원,38만원,2인실
이실디,홍대점,여성전용,72만원,36만원,2인실
스테이 펠릭스,충무로역점,성별무관,30만원,50만원,2인실
아띠 쉐어빌리지,단짠하우스 성신여대점,여성전용,50만원,36만원,2인실
홈스케치,서강대점,여성전용,90만원,45만원,1인실
하모하우스,서강대점,여성전용,100만원,40만원,2인실
하모하우스,서강대점,남성전용,100만원,38만원,2인실
나인,홍대점,여성전용,100만원,55만원,1인실
핀휠 쉐어하우스,신촌1호점,남성전용,80만원,33만원,3인실
포근해 쉐어하우스,마포구청점,여성전용,30만원,30만원,2인실
은행나무 쉐어하우스,홍대점,여성전용,0만원,50만원,2인실
우주,60호점,여성전용,88만원,36만원,2인실
Calm&Mood,숙대두번째 16호점,여성전용,100만원,44만원,1인실
핀휠 쉐어하우스,홍대/망원점,여성전용,80만원,33만원,2인실
메죵드몽드,안암점,여성전용,90만원,45만원,1인실
홈트리,성산점,남성전용,60만원,33만원,2인실
우주,64호점,여성전용,108만원,46만원,2인실
동거동락,13호 서울역점,여성전용,113만원,52만원,1인실
홈스케치,숙대점,여성전용,80만원,40만원,1인실
팸하우스,충무로점,여성전용,100만원,34만원,4인실
바다,성산동집 206호,성별무관,100만원,49만원,1인실
팸하우스,페퍼스하우스 충무로 1호점,여성전용,100만원,47만원,2인실
쉐어하우스 휴가,공덕역점,여성전용,85만원,43만원,2인실
제곱하우스,2호점,여성전용,150만원,52만원,1인실
네잎클로버 하우스,원미닛_마포구청역 스페셜,여성전용,102만원,51만원,1인실
자다,메리골드 후암1호점,여성전용,98만원,49만원,1인실
자다,메리골드 후암2호점,여성전용,110만원,55만원,1인실
소집,1호점,여성전용,90만원,43만원,2인실
소집,2호점,여성전용,90만원,45만원,2인실
모아네 쉐어하우스,마포구청역점,여성전용,50만원,45만원,2인실
소집,3호점,여성전용,90만원,45만원,2인실
아띠 쉐어빌리지,홍남하우스 홍대점,남성전용,50만원,35만원,4인실
아띠 쉐어빌리지,홍순하우스 홍대점,여성전용,50만원,35만원,4인실
함께꿈꾸는마을,남산소월01 Room A,남성전용,76만원,38만원,2인실
팸하우스,페퍼스하우스 충무로 2호점,여성전용,100만원,47만원,2인실
팸하우스,페퍼스하우스 충무로 5호점,여성전용,100만원,47만원,2인실
팸하우스,페퍼스하우스 충무로 4호점,여성전용,100만원,47만원,2인실
팸하우스,페퍼스하우스 충무로 3호점,남성전용,100만원,44만원,2인실
팸하우스,동대입구 4호점,여성전용,100만원,52만원,1인실
사람앤하우스,동묘점,여성전용,92만원,46만원,2인실
함께꿈꾸는마을,남산소월03 Room D,여성전용,80만원,40만원,2인실
쉐어하우스 신,공덕점,여성전용,96만원,48만원,2인실
바다,합정동집 2호 Room B (1인실),여성전용,110만원,55만원,1인실
일가 쉐어하우스,망원일가2-마포구청 102-2인실,여성전용,150만원,43만원,2인실
어울림,망원1호점,여성전용,100만원,35만원,2인실
아미띠에 쉐어하우스,마포점,여성전용,50만원,50만원,1인실
팸하우스,동대입구 1호점,남성전용,100만원,41만원,1인실
팸하우스,동대입구 2호점,여성전용,100만원,41만원,2인실
젤리 쉐어하우스,합정점,여성전용,600만원,33만원,2인실
Calm&Mood,숙대세번째 19호점,여성전용,100만원,48만원,1인실
일가 쉐어하우스,4호점,여성전용,150만원,45만원,2인실
포레스트(FOR REST),공덕역점,여성전용,116만원,52만원,1인실
일가 쉐어하우스,3호점,여성전용,150만원,45만원,2인실
어울림,합정4호점,여성전용,100만원,50만원,1인실
코코쉐어하우스,효창동점,여성전용,100만원,33만원,3인실
홈스케치,합정1호점,성별무관,90만원,45만원,1인실
Urban square,청파점,여성전용,90만원,46만원,1인실
동화,피클 공덕2호점,여성전용,100만원,35만원,1인실
어울림,합정2호점,여성전용,100만원,40만원,2인실
공감,광흥창역점,남성전용,120만원,60만원,1인실
폼폼 쉐어하우스,망원점,여성전용,100만원,50만원,1인실
메리골드 셰어하우스,망원역점,여성전용,50만원,45만원,1인실
브로콜리 하우스,망원 1호점,남성전용,50만원,48만원,1인실
CS 쉐어하우스,망원 1호점,여성전용,50만원,42만원,1인실
CS 쉐어하우스,망원 3호점,여성전용,50만원,42만원,1인실
CS 쉐어하우스,망원 4호점,여성전용,50만원,46만원,1인실
CS 쉐어하우스,망원 2호점,여성전용,50만원,32만원,2인실
팸하우스,상수점,여성전용,100만원,38만원,2인실
더합 쉐어하우스,합정점,여성전용,42만원,42만원,1인실
캑터스 하우스,망원점,남성전용,34만원,34만원,2인실
바운드쉐어,망원한강점,여성전용,100만원,55만원,1인실
제인스하우스,공덕점,여성전용,36만원,72만원,2인실
코잠,7호점,여성전용,76만원,38만원,2인실
잇츠하우스,합정점,여성전용,100만원,30만원,4인실
우주,56호점,여성전용,104만원,44만원,2인실
응답하라2018,합정망원 남성하우스 Room A,남성전용,74만원,37만원,2인실
응답하라2018,합정망원 여성하우스 여자2인실,여성전용,80만원,40만원,2인실
바운드쉐어,망원중앙점,여성전용,100만원,42만원,2인실
잠자리,마포구청 : 8호점,여성전용,86만원,43만원,1인실
드리밍 셰어하우스,마포구청점,남성전용,43만원,38만원,1인실
일가 쉐어하우스,망원일가 Room 102호,여성전용,100만원,39만원,2인실
MR. HOMES,홈즈스튜디오 원효로점,여성전용,60만원,60만원,1인실
홈스케치,합정3호점,성별무관,90만원,45만원,1인실
쉐어하우스 소망,합정점,여성전용,100만원,48만원,1인실
우주,73호점,여성전용,122만원,53만원,1인실
폼폼 쉐어하우스,합정점,여성전용,100만원,50만원,1인실
CS 쉐어하우스,합정점,여성전용,100만원,44만원,1인실
플레몬 쉐어하우스,30호점,성별무관,50만원,42만원,1인실
청년 쉐어하우스,합정점,남성전용,35만원,35만원,2인실
바다,마포동집 Room C,여성전용,102만원,51만원,1인실
젤리 쉐어하우스,망원점,여성전용,600만원,41만원,1인실
(남성전용) 청춘시대,1호점,남성전용,37만원,37만원,2인실
동거동락,34호점,여성전용,110만원,45만원,1인실
꽃송이가家,망원합정점,여성전용,82만원,41만원,2인실
플레몬 쉐어하우스,17호점,성별무관,50만원,38만원,1인실
꼬므,합정역 : 2호점,여성전용,90만원,45만원,2인실
우주,59호점,여성전용,91만원,34만원,2인실
우주,23호점,여성전용,106만원,53만원,1인실
워크 앤 리브,이태원 2호점,여성전용,124만원,54만원,1인실
워크 앤 리브,이태원 1호점,여성전용,120만원,52만원,1인실
우주,88호점,여성전용,120만원,51만원,1인실
원앤원하우스,월곡역동덕여대점,여성전용,150만원,34만원,2인실
하늘,고대 1호점,여성전용,50만원,30만원,2인실
달램쉐어하우스,고대3호점,남성전용,50만원,25만원,1인실
하늘,월곡역점,여성전용,50만원,45만원,1인실
우주,48호점,여성전용,100만원,42만원,2인실
우주,49호점,여성전용,100만원,42만원,2인실
플레몬 쉐어하우스,14호점,여성전용,30만원,30만원,3인실
하늘,고대 2호점,여성전용,50만원,40만원,2인실
휴플러스,고대점,여성전용,100만원,33만원,2인실
쉐어하우스 하루,고려대점,여성전용,36만원,36만원,2인실
마주봄 쉐어하우스,고대 7호점,여성전용,100만원,47만원,1인실
달램쉐어하우스,고대1호점,여성전용,1000만원,29만원,1인실
논스톱쉐어하우스,제기동점,남성전용,33만원,33만원,2인실
하늘,상월곡점,여성전용,50만원,30만원,3인실
잠자리,신금호 : 10호점,여성전용,70만원,35만원,2인실
왕십리 쉐어하우스,행당점,여성전용,60만원,45만원,1인실
젤리 쉐어하우스,왕십리점,여성전용,600만원,29만원,2인실
바다,당산 한강 집 Room B,여성전용,90만원,45만원,2인실
함께꿈꾸는마을,왕십리행당 Room C,여성전용,100만원,50만원,1인실
We Live,당산 2호점,여성전용,100만원,49만원,1인실
자다,패밀리 한남점,여성전용,78만원,39만원,2인실
서울쉐어하우스 공주,여의도점,여성전용,68만원,34만원,3인실
우리별 포디하우스,한남별 룸1(2인실),여성전용,100만원,32만원,2인실
우리별 포디하우스,선유도별 룸2 (2인실),여성전용,100만원,33만원,2인실
We Live,당산점,여성전용,100만원,50만원,1인실
휴먼,경희대점,여성전용,100만원,34만원,3인실
GROUND 쉐어하우스,왕십리 A room,여성전용,80만원,37만원,4인실
에이블하우스,왕십리 3호점,여성전용,300만원,43만원,2인실
마루 쉐어하우스,왕십리역점,여성전용,84만원,42만원,3인실
더 집 쉐어하우스,왕십리점,여성전용,50만원,35만원,2인실
쉐어하우스 청춘愛(애),여의도점,여성전용,100만원,49만원,1인실
쉐어하우스 고리,광운대점,여성전용,80만원,40만원,1인실
쉐어하우스 방긋,회기역점,여성전용,150만원,48만원,1인실
팸하우스,선유도역점,남성전용,100만원,38만원,1인실
원앤원하우스,경희대_외대점,여성전용,150만원,37만원,2인실
아띠 쉐어빌리지,브루하우스 영등포구청역점,성별무관,50만원,51만원,1인실
에이블하우스,회기5호점,여성전용,300만원,53만원,1인실
동거동락,12호 외대경희대점,여성전용,124만원,55만원,1인실
에이블하우스,회기8호점,여성전용,300만원,48만원,2인실
자몽 셰어하우스,노량진점,여성전용,300만원,42만원,1인실
쉐어필링스,노량진역 작은 1인실,여성전용,150만원,36만원,1인실
슬리퍼 쉐어하우스,신이문점,여성전용,104만원,47만원,1인실
뜰 쉐어하우스,영등포점,여성전용,70만원,39만원,2인실
우주,58호점,여성전용,118만원,51만원,1인실
우주,80호점,여성전용,114만원,49만원,1인실
동거동락,1호 중앙대점,여성전용,90만원,42만원,2인실
우주,57호점,여성전용,104만원,44만원,2인실
에덴 하우스,목동 염창역점,여성전용,50만원,25만원,2인실
별자리 쉐어하우스,장승배기점,남성전용,100만원,45만원,1인실
잠자리,영등포구청 : 11호점,여성전용,70만원,35만원,2인실
하늘,석계점,여성전용,50만원,20만원,2인실
단담하우스,중앙대점,여성전용,86만원,43만원,2인실
잠자리,영등포구청 : 17호점,남성전용,94만원,47만원,1인실
푸른언덕,중앙대점,여성전용,100만원,45만원,1인실
홈스케치,외대3호점,여성전용,90만원,45만원,1인실
커먼타운,압구정 022 Room C,여성전용,300만원,59만원,2인실
바다,외대 앞 집 Room A (3인실),여성전용,72만원,36만원,3인실
수니하우스,뚝섬역점,여성전용,100만원,54만원,1인실
Dream 쉐어하우스,영등포점,여성전용,70만원,35만원,3인실
우리별 포디하우스,등촌역점,여성전용,100만원,34만원,1인실
가든 쉐어하우스,태릉입구점,여성전용,70만원,30만원,2인실
팸하우스,뚝섬점,남성전용,100만원,31만원,4인실
룸앤,상도점,여성전용,80만원,40만원,2인실
제인스하우스,문래점,여성전용,66만원,34만원,2인실
바다,문래동집 2호 Room B,여성전용,86만원,43만원,2인실
JustChill7 쉐어하우스,신사점,남성전용,70만원,65만원,1인실
다락,주아하우스 #4 le monde,성별무관,50만원,35만원,1인실
슬리퍼 쉐어하우스,숭실점,여성전용,86만원,38만원,2인실
세이프헤븐,상도점,여성전용,100만원,48만원,1인실
스펙트럼 하우스,신사점,여성전용,130만원,55만원,1인실
스펙트럼 하우스,신사점,여성전용,183만원,81만원,1인실
여기쯤 쉐어하우스,여기쯤 신사1호점,여성전용,80만원,34만원,2인실
쉐어하우스 더뮤즈,신사역 가로수길점,여성전용,82만원,41만원,2인실
율 하우스,문래점,여성전용,74만원,37만원,2인실
쉐어필링스,숭실대점,여성전용,100만원,32만원,2인실
우주,46호점,여성전용,104만원,44만원,2인실
우주,44호점,남성전용,74만원,29만원,3인실
우주,38호점,여성전용,94만원,39만원,2인실
우주,37호점,여성전용,100만원,42만원,2인실
낭만,양천향교역점,여성전용,150만원,50만원,1인실
모아,문래역점,여성전용,110만원,55만원,1인실
여기쯤 쉐어하우스,여기쯤 신사3호점,여성전용,80만원,28만원,4인실
가로수 쉐어하우스,신사역점,여성전용,88만원,35만원,2인실
륜하우스,마곡점,여성전용,70만원,33만원,2인실
륜하우스,양천향교점,여성전용,70만원,38만원,2인실
Singles ( 싱글즈 ),신사점,여성전용,200만원,57만원,1인실
우주,96호점,남성전용,82만원,33만원,3인실
쉐어하우스 까사,숭실대점,여성전용,80만원,47만원,1인실
쉐어하우스 까사,숭실대2호점,여성전용,80만원,47만원,1인실
GROUND 쉐어하우스,강남 Room B,여성전용,100만원,49만원,2인실
로뎀나무,Joy하우스 논현점,여성전용,80만원,33만원,2인실
소행주 특집,장안동점,여성전용,150만원,39만원,1인실
마주공간 쉐어하우스,논현2호점,여성전용,110만원,53만원,1인실
복덕방,압구정 1호점,여성전용,90만원,57만원,1인실
복덕방,논현2호점,여성전용,80만원,47만원,1인실
MOVHOUSE,논현2호점,여성전용,100만원,47만원,2인실
선녀방,신대방점,여성전용,60만원,33만원,2인실
장안생활,장한평점,성별무관,1000만원,52만원,1인실
자몽 셰어하우스,상도점,여성전용,300만원,30만원,2인실
세렘 쉐어하우스,신대방점,여성전용,100만원,38만원,1인실
에이블하우스,성수 2호점,여성전용,300만원,42만원,2인실
품안의 새,인셉션_신대방3거리역 Room ImP,여성전용,56만원,28만원,2인실
제인스하우스,신도림점,여성전용,70만원,35만원,2인실
양드레하우스,논현점,여성전용,100만원,55만원,1인실
쉐어하우스 여행가,관악점,여성전용,100만원,52만원,1인실
쉐어하우스 하슈,서울대입구/숭실대점,성별무관,70만원,35만원,2인실
쉐어반,논현역점,여성전용,114만원,57만원,1인실
MOVHOUSE,논현점,여성전용,100만원,40만원,2인실
잠자리,논현역 : 26호점,여성전용,114만원,57만원,1인실
LUMOS HOUSE,논현1호점,여성전용,100만원,45만원,2인실
테라스107,테라스107 Room 1,여성전용,70만원,70만원,1인실
복덕방,논현1호점,여성전용,100만원,57만원,1인실
강남다방 쉐어하우스,신논현점,여성전용,100만원,50만원,1인실
팸하우스,에이치홈_신림점,여성전용,100만원,45만원,1인실
동그라미 쉐어하우스,청담 2호점,성별무관,50만원,38만원,1인실
륜하우스,발산역점,여성전용,70만원,35만원,2인실
복덕방,학동역1호점,여성전용,50만원,43만원,1인실
동그라미 쉐어하우스,논현2호점,남성전용,50만원,30만원,1인실
더 하임 쉐어하우스,청담점,여성전용,200만원,57만원,1인실
우주,27호점,여성전용,106만원,53만원,1인실
복덕방,청담동1호점,여성전용,100만원,53만원,1인실
하피스,학동역점,여성전용,100만원,48만원,2인실
(남성전용)라임 스페이스,반포점,남성전용,100만원,41만원,2인실
하비비 하우스,신논현점,남성전용,100만원,44만원,2인실
MDP 쉐어하우스,신논현점,여성전용,60만원,50만원,2인실
동거동락,24호 신논현점,여성전용,128만원,55만원,1인실
(남성전용)라임 스페이스,신논현점,남성전용,50만원,53만원,1인실
오플랫 쉐어하우스,오플랫 신논현점,여성전용,80만원,45만원,2인실
젤리 쉐어하우스,청담점,여성전용,600만원,43만원,1인실
팸하우스,세종대 3호점,여성전용,100만원,36만원,2인실
팸하우스,세종대 2호점,여성전용,100만원,39만원,2인실
제이 쉐어하우스,세종대점,여성전용,38만원,38만원,3인실
잠자리,신림 : 4호점,여성전용,84만원,42만원,2인실
동그라미 쉐어하우스,학동역점,남성전용,50만원,43만원,1인실
여기쯤 쉐어하우스,여기쯤 논현2호점,여성전용,80만원,34만원,2인실
쉐어하우스 더뮤즈,강남구청점,여성전용,84만원,42만원,4인실
동네친구,8호점,여성전용,76만원,38만원,2인실
슈니하우스,건대 2호점,여성전용,50만원,47만원,1인실
세이프헤븐,이수점,여성전용,100만원,36만원,2인실
복덕방,청담사거리점,여성전용,100만원,44만원,2인실
포도 쉐어하우스,신논현점,남성전용,90만원,43만원,1인실
편안한家 쉐어하우스,건대점,여성전용,100만원,43만원,2인실
청춘가,서울대입구 3호점,여성전용,106만원,53만원,1인실
잠자리,신림 : 2호점,여성전용,70만원,35만원,2인실
동네친구,4호점,여성전용,74만원,37만원,2인실
팸하우스,세종대점,여성전용,100만원,34만원,2인실
우리집,건대_세종대점,여성전용,100만원,53만원,2인실
하메 쉐어하우스,목동점,여성전용,100만원,49만원,1인실
원더우먼 쉐어하우스,건대점,여성전용,129만원,43만원,1인실
슬리퍼 쉐어하우스,대학동점,여성전용,96만원,43만원,1인실
품안의 새,스위티_서울대입구역 1인실 ImL,여성전용,80만원,40만원,1인실
셰어하우스 쉼,서울대입구역점,여성전용,100만원,50만원,1인실
품안의 새,핏타팻_서울대입구역 Room ImB,여성전용,76만원,38만원,2인실
원더우먼 쉐어하우스,니케 하우스 Room B,여성전용,80만원,38만원,2인실
동거동락,21호 청담점,여성전용,96만원,43만원,2인실
포그니 쉐어하우스,서울대입구역점,여성전용,100만원,35만원,2인실
잠자리,서울대입구(3) : 25호점,여성전용,110만원,55만원,1인실
동그라미 쉐어하우스,서울대입구역점,남성전용,50만원,38만원,2인실
슈니하우스,건대점,여성전용,50만원,35만원,2인실
쉐어하우스 이층집,신림역 1호점,여성전용,100만원,37만원,1인실
쉐어하우스 이층집,건대역 2호점,여성전용,100만원,35만원,3인실
그린,서울대입구역 2호점,여성전용,100만원,47만원,1인실
동네친구,10호점,남성전용,100만원,39만원,2인실
쉐어필링스,신대방역점,남성전용,100만원,47만원,1인실
잠자리,신대방 : 6호점,남성전용,90만원,37만원,2인실
JAMI 쉐어하우스,대림점,여성전용,100만원,33만원,2인실
동네친구,13호점,남성전용,100만원,48만원,1인실
모니카 하우스,광진1호점,여성전용,100만원,44만원,1인실
동그라미 쉐어하우스,남성역점,남성전용,50만원,25만원,2인실
원더우먼 쉐어하우스,마망 하우스 Room B,여성전용,100만원,43만원,2인실
슬리퍼 쉐어하우스,건대점,여성전용,108만원,49만원,1인실
Calm&Mood,방배 23호점,여성전용,200만원,48만원,1인실
단미하우스,까치산역점,여성전용,64만원,32만원,2인실
율 하우스,서울대입구역점,여성전용,86만원,43만원,2인실
그린,서울대입구역점,여성전용,100만원,35만원,2인실
꼬므,대림역 : 1호점,여성전용,80만원,35만원,1인실
아이엠 쉐어하우스,서울대입구역점,여성전용,100만원,38만원,2인실
동네친구,6호점,여성전용,76만원,38만원,2인실
T house,방배점,남성전용,80만원,35만원,3인실
포그니 쉐어하우스,신림역점,여성전용,45만원,45만원,1인실
도란도란하우스,신대방점,여성전용,100만원,42만원,1인실
home 601,home601_강남 i룸,여성전용,1000만원,50만원,4인실
슈니하우스,건대3호점,여성전용,50만원,49만원,1인실
쉐어필링스,서울대입구역점,남성전용,100만원,30만원,2인실
자몽 셰어하우스,군자점,남성전용,300만원,38만원,1인실
우주,63호점,여성전용,106만원,45만원,1인실
카페인하우스,사가정역점,남성전용,96만원,48만원,1인실
카페인하우스,사가정역점,여성전용,56만원,28만원,4인실
품안의 새,어번_신림역 Room ImQ,여성전용,90만원,45만원,2인실
품안의 새,나르샤_신림역 3인실,여성전용,80만원,40만원,3인실
하품 (하우스 꿈을 품다),1호점,여성전용,1000만원,49만원,4인실
원앤원하우스,건대_세종대점,여성전용,150만원,37만원,2인실
동네친구,9호점,여성전용,96만원,48만원,1인실
함께꿈꾸는마을,군자대공원 Room A,여성전용,84만원,42만원,2인실
시작(SIZAK)쉐어하우스,이수/남성점,여성전용,80만원,45만원,1인실
동네친구,7호점,여성전용,76만원,38만원,2인실
우주,28호점,남성전용,106만원,45만원,1인실
우주,51호점,여성전용,88만원,36만원,3인실
우주,82호점,남성전용,88만원,36만원,1인실
우주,83호점,여성전용,110만원,47만원,1인실
우주,84호점,여성전용,112만원,48만원,1인실
젤리 쉐어하우스,봉천점,여성전용,1000만원,41만원,1인실
Little brown House,신림점,여성전용,80만원,45만원,1인실
(남성전용)라임 스페이스,역삼점,남성전용,40만원,38만원,2인실
MOVHOUSE,강남DELUXE점,여성전용,150만원,58만원,1인실
도란도란하우스,사당점,여성전용,70만원,33만원,2인실
잠자리,서울대입구 : 1호점,남성전용,110만원,55만원,1인실
팸하우스,건대 2호점,여성전용,100만원,33만원,2인실
팸하우스,건대 3호점,여성전용,100만원,40만원,2인실
달달 쉐어하우스,청담점,여성전용,108만원,54만원,1인실
이너프하우스,사당점,여성전용,100만원,48만원,1인실
오아시스 쉐어하우스,건대 2호점,여성전용,150만원,42만원,4인실
앤즈하우스,서울대입구역1 Room B,여성전용,98만원,49만원,1인실
잠자리,낙성대역 : 20호점,여성전용,98만원,49만원,1인실
동네친구,1호점,여성전용,80만원,42만원,2인실
동네친구,5호점,여성전용,76만원,38만원,2인실
동네친구,3호점,여성전용,76만원,38만원,3인실
동네친구,2호점,여성전용,76만원,38만원,2인실
No.1 쉐어하우스,삼성중앙역점,남성전용,100만원,50만원,1인실
쉐어하우스 리시안,사당역 2호 Room A,여성전용,100만원,55만원,1인실
젤리 쉐어하우스,역삼점,여성전용,1000만원,41만원,1인실
휴애락,건대점,여성전용,150만원,53만원,1인실
Sharehouse Cine,루프탑 건대점,여성전용,80만원,41만원,2인실
쉐어하우스 까사,사당역 3호점,여성전용,100만원,49만원,1인실
쉐어하우스 까사,사당역 2호점,여성전용,100만원,44만원,2인실
잠자리,신대방 : 3호점,여성전용,90만원,45만원,1인실
미카사 하우스,1호 봉천 1인실(2),여성전용,120만원,51만원,1인실
편안한家 쉐어하우스,자양점,여성전용,100만원,43만원,2인실
핀휠 쉐어하우스,대림점,여성전용,80만원,33만원,2인실
팸하우스,건대 4호점,남성전용,100만원,34만원,2인실
팸하우스,건대 1호점,여성전용,100만원,44만원,1인실
Singles ( 싱글즈 ),강남하우스 C룸,여성전용,200만원,60만원,2인실
잠자리,구로디지털단지 : 12호점,여성전용,90만원,45만원,1인실
바다유,7호 서울대입구역점,여성전용,90만원,45만원,1인실
홈트리,신도림점,남성전용,60만원,35만원,2인실
우주,18호점,여성전용,108만원,47만원,1인실
양드레하우스,군자1호점,여성전용,100만원,33만원,2인실
Sally's House,강남 서초파라곤 D룸,여성전용,100만원,35만원,2인실
강남 베타쉐어하우스,강남역점,여성전용,120만원,42만원,2인실
Sally's House,강남역점,여성전용,100만원,32만원,2인실
복덕방,역삼2호점,여성전용,47만원,47만원,1인실
순 스테이,구로디지털단지 1호점,여성전용,90만원,40만원,1인실
순 스테이,구로디지털단지 2호점,여성전용,90만원,39만원,1인실
복덕방,역삼1호점,여성전용,53만원,53만원,1인실
쉐어하우스 루트,방배점,여성전용,80만원,38만원,2인실
동화,구디점,여성전용,100만원,25만원,1인실
달달 쉐어하우스,삼성중앙역점,여성전용,82만원,41만원,2인실
피리하우스,낙성대점,여성전용,74만원,37만원,2인실
양드레하우스,교대점,여성전용,100만원,52만원,1인실
잠자리,구로디지털단지 : 13호점,남성전용,100만원,50만원,1인실
바다유,2호 삼성중앙역점,여성전용,70만원,38만원,2인실
채움 쉐어하우스,교대/강남역 1호점,여성전용,100만원,39만원,2인실
채움 쉐어하우스,강남역 2호점,여성전용,80만원,29만원,2인실
우주,42호점,남성전용,97만원,40만원,1인실
우주,43호점,여성전용,96만원,40만원,2인실
바다,구디(구로디지털)집 C Room,여성전용,80만원,40만원,2인실
오아시스 쉐어하우스,낙성대역 4호점,여성전용,150만원,35만원,2인실
오아시스 쉐어하우스,낙성대역점,여성전용,150만원,36만원,2인실
오아시스 쉐어하우스,낙성대역 3호점,여성전용,150만원,35만원,2인실
동네친구,11호점,여성전용,300만원,45만원,2인실
청청,구디역점,남성전용,100만원,40만원,1인실
슈니하우스,삼성중앙역점,여성전용,106만원,53만원,1인실
팸하우스,사당점,여성전용,100만원,31만원,4인실
잠자리,구로디지털단지 : 7호점,여성전용,76만원,38만원,2인실
연남0123/사당0123,사당0123 1인실B,여성전용,80만원,43만원,1인실
동거동락,28B 방배점,여성전용,119만원,51만원,1인실
벽난로 쉐어하우스,강남코엑스점,남성전용,80만원,40만원,2인실
가가호호 쉐어하우스,관악점,남성전용,80만원,38만원,1인실
자몽 셰어하우스,고척동점,여성전용,300만원,30만원,1인실
쉐어하우스 소소한,서초 1호점,여성전용,100만원,51만원,2인실
쉐어하우스 withsomething,역삼점,남성전용,180만원,65만원,1인실
Sharehouse Cine,더 우드 건대점,여성전용,70만원,33만원,3인실
레미하우스,강남점,여성전용,100만원,43만원,2인실
잠자리,신림 대학동 : 21호점,남성전용,84만원,42만원,1인실
복덕방,강남세브란스점,여성전용,100만원,56만원,1인실
Sally's House,선릉역점,여성전용,100만원,25만원,4인실
복덕방,세브란스사거리점,여성전용,124만원,62만원,1인실
복덕방,대치동 선릉역점,여성전용,100만원,45만원,2인실
다락,블랑하우스 Room B,남성전용,50만원,32만원,2인실
동그라미 쉐어하우스,선릉점,남성전용,50만원,32만원,1인실
앤스테이블,대치 402-1호,남성전용,4000만원,41만원,1인실
쉐어필링스,선릉역지점,여성전용,100만원,52만원,1인실
팸하우스,가산디지털단지점,여성전용,100만원,38만원,2인실
팸하우스,양재점,여성전용,100만원,42만원,2인실
팸하우스,매봉1호점,여성전용,100만원,30만원,2인실
팸하우스,매봉 2호점,여성전용,100만원,33만원,2인실
부천 이야기쉐어하우스,1호 고강점,남성전용,100만원,35만원,1인실
양재역 쉐어하우스,양재역점,여성전용,100만원,45만원,2인실
라다팰리스,사회적주택(개봉동) 201호-2,성별무관,300만원,28만원,1인실
우주,74호점,남성전용,126만원,55만원,1인실
Calm&Mood,온수 17호점,여성전용,100만원,36만원,1인실
동그라미 쉐어하우스,개포점,남성전용,50만원,38만원,1인실
부천 이야기쉐어하우스,2호 원종점,여성전용,50만원,28만원,2인실
모니카 하우스,잠실2호점,여성전용,100만원,53만원,1인실
썸앤썸 쉐어하우스,삼전점,남성전용,100만원,45만원,1인실
모니카 하우스,잠실역점,여성전용,100만원,55만원,1인실
로이허브,천호점,여성전용,40만원,40만원,3인실
모니카 하우스,잠실3호점,여성전용,100만원,50만원,1인실
바다,암사동집 : 1층 102호,여성전용,100만원,37만원,1인실
모던 하우스,암사역점,여성전용,200만원,34만원,1인실
바다,암사동집 : 2층 202호,여성전용,100만원,37만원,1인실
모던 하우스,천호점,여성전용,200만원,34만원,1인실
양드레하우스,송파점,여성전용,100만원,51만원,1인실
모니카 하우스,잠실4호점,여성전용,100만원,60만원,1인실
몽리(MONLIT),석촌점,여성전용,100만원,45만원,2인실
원앤원하우스,강동역 2호점,여성전용,200만원,35만원,3인실
스테이서울,하우스메이트 Room B,성별무관,50만원,50만원,1인실
Sharehouse Cine,오금역점,여성전용,80만원,38만원,2인실
쉐어하우스 cloud9,킨텍스 대화역점,여성전용,150만원,40만원,1인실
Blessing House,대화 킨텍스점,여성전용,80만원,39만원,1인실
쉐어하우스 잎,부천역점,성별무관,70만원,35만원,1인실
플래닛디 하우스,플래닛디 하우스 2인실 싱글침대,여성전용,70만원,35만원,2인실
공감,부평 굴포천역 2호점,여성전용,70만원,35만원,1인실
공감,부평시장역점,여성전용,70만원,35만원,1인실
로라 쉐어하우스,부평구청역점,여성전용,80만원,33만원,1인실
라떼의꿈 쉐어하우스,부평점,여성전용,80만원,30만원,2인실
로라 쉐어하우스,부평시장역점,여성전용,80만원,35만원,1인실
레몬트리 하우스,간석오거리점,여성전용,50만원,32만원,1인실
잠자리,주안역 : 18호점,여성전용,54만원,27만원,2인실
쉐어하우스 봄,주안 1호점,여성전용,64만원,27만원,3인실
베프 쉐어하우스,주안역점,여성전용,60만원,30만원,1인실
레몬,1호점,여성전용,56만원,28만원,2인실
인타운 하우스,인천대점,여성전용,100만원,35만원,1인실
세계로 하우스,종로부암점,성별무관,35만원,38만원,2인실
블랑 쉐어하우스,홍제점,여성전용,80만원,34만원,2인실
다락,홍오하우스 Room E,성별무관,50만원,36만원,1인실
우주,89호점,여성전용,90만원,37만원,3인실
곰 쉐어하우스,홍제점,여성전용,100만원,33만원,2인실
다락,홍원하우스 Room B,남성전용,50만원,31만원,2인실
쏠 쉐어하우스,연신내점,남성전용,50만원,23만원,4인실
다락,헤븐하우스 안락한 1인실,성별무관,50만원,41만원,1인실
Calm&Mood,홍제 18호점,여성전용,100만원,43만원,1인실
자몽 셰어하우스,연신내점,여성전용,300만원,28만원,1인실
블랑 쉐어하우스,응암점,여성전용,100만원,45만원,1인실
Calm&Mood,DMC(구산) 22호점,여성전용,200만원,43만원,1인실
코코빌,하우스메이트 Room C,여성전용,56만원,32만원,1인실
미소 쉐어하우스,광화문점,여성전용,100만원,55만원,1인실
이너프하우스,혜화 6호점,여성전용,100만원,52만원,1인실
플레몬 쉐어하우스,29호점,성별무관,50만원,39만원,1인실
슬리퍼 쉐어하우스,한성대점,여성전용,84만원,37만원,2인실
동거동락,33A호점,남성전용,102만원,43만원,1인실
동거동락,33B호점,여성전용,105만원,44만원,1인실
따또 쉐어하우스,연희점,여성전용,100만원,49만원,1인실
CNT홈셰어링,1호점,여성전용,100만원,54만원,1인실
CNT홈셰어링,5호점,여성전용,100만원,52만원,1인실
CNT홈셰어링,2호점,여성전용,100만원,39만원,2인실
CNT홈셰어링,3호점,여성전용,100만원,38만원,2인실
CNT홈셰어링,4호점,여성전용,100만원,55만원,1인실
우주,70호점,남성전용,90만원,37만원,1인실
자몽 셰어하우스,한성대성북점,남성전용,100만원,28만원,1인실
MK코하우징,연희점,여성전용,50만원,50만원,1인실
공상가,연세 1호점,성별무관,114만원,57만원,1인실
위아영 쉐어하우스,아현점,여성전용,100만원,50만원,1인실
아띠 쉐어빌리지,팝 하우스 충정로점,남성전용,50만원,31만원,2인실
공상가,연세 2호점,여성전용,108만원,54만원,1인실
홈스케치,아현2호점,여성전용,90만원,45만원,1인실
Calm&Mood,연희 1호점,여성전용,100만원,34만원,2인실
플레몬 쉐어하우스,13호점,성별무관,50만원,42만원,1인실
UrbanShares,OneNam206 E2~E3,성별무관,100만원,58만원,2인실
잇츠하우스,이대점,여성전용,100만원,35만원,3인실
UrbanShares,1stHQ HQ402,여성전용,100만원,50만원,1인실
핀휠 쉐어하우스,이대3호점,여성전용,80만원,33만원,3인실
핀휠 쉐어하우스,연대 1호점,여성전용,80만원,33만원,3인실
핀휠 쉐어하우스,이대1호점,여성전용,90만원,43만원,1인실
핀휠 쉐어하우스,이대2호점,남성전용,80만원,33만원,3인실
핀휠 쉐어하우스,신도림점,남성전용,80만원,33만원,3인실
핀휠 쉐어하우스,이대4호점,여성전용,80만원,32만원,3인실
마주봄 쉐어하우스,혜화 6호점,여성전용,100만원,50만원,1인실
바다,연남동 : 1호 C Room,여성전용,104만원,52만원,1인실
러브앤피스 쉐어하우스,아현점,여성전용,100만원,48만원,1인실
우주,50호점,남성전용,93만원,39만원,2인실
서로가 쉐어하우스,충정로점,여성전용,50만원,50만원,1인실
우주,92호점,여성전용,92만원,38만원,2인실
Calm&Mood,혜화 20호점,여성전용,200만원,49만원,1인실
로이쉐어하우스,연남동점,여성전용,55만원,55만원,1인실
동화,홍대점,여성전용,68만원,65만원,3인실
달램쉐어하우스,홍대입구점,여성전용,600만원,29만원,1인실
잠자리,정릉역 : 21호점,여성전용,80만원,35만원,2인실
동거동락,3호 연세대점,여성전용,108만원,52만원,1인실
자몽 셰어하우스,대학로점,여성전용,300만원,30만원,2인실
쉐어하우스 보통,아현 3호점,여성전용,106만원,51만원,1인실
쉐어하우스 보통,아현점,여성전용,90만원,45만원,2인실
쉐어하우스 보통,아현 2호점,여성전용,70만원,35만원,3인실
세이프헤븐,DMC점,여성전용,100만원,45만원,1인실
오후3시 쉐어하우스,홍대점,남성전용,100만원,37만원,1인실
에덴 하우스,홍대점,여성전용,70만원,35만원,2인실
코지 쉐어하우스,홍대입구역점,여성전용,76만원,38만원,2인실
바다,상암동 집 Room D,여성전용,112만원,56만원,1인실
다락,허밍하우스 편안한2인실,성별무관,50만원,29만원,2인실
굿밤하우스,홍대입구점,여성전용,5만원,23만원,1인실
팸하우스,홍대입구점,여성전용,100만원,46만원,1인실
프렌즈,연남점,여성전용,90만원,45만원,2인실
(남성전용) 청춘시대,2호점,남성전용,33만원,33만원,4인실
자다,메이플 성신여대점,여성전용,70만원,35만원,2인실
아이엠하우스,홍대 2호점,여성전용,80만원,42만원,2인실
피클하우스,피클하우스 2번방,성별무관,50만원,50만원,1인실
우주,94호점,남성전용,94만원,39만원,1인실
우주,93호점,여성전용,100만원,42만원,1인실
우주,95호점,여성전용,104만원,44만원,1인실
동거동락,26호 연남동점,여성전용,117만원,49만원,1인실
플레몬 쉐어하우스,1호점,성별무관,50만원,35만원,1인실
피츠 쉐어하우스,연남동 2호점,여성전용,35만원,35만원,2인실
잠자리,성신여대 : 5호점,여성전용,90만원,45만원,1인실
커먼타운,센트럴 261 207,남성전용,300만원,58만원,1인실
잠자리,성신여대 : 9호점,여성전용,76만원,38만원,2인실
우주,62호점,여성전용,96만원,40만원,2인실
홈스케치,홍대2호점,성별무관,90만원,45만원,1인실
홈스케치,성신여대점,성별무관,90만원,45만원,1인실
I&U 쉐어하우스,홍대점,여성전용,100만원,28만원,3인실
핀휠 쉐어하우스,신촌점,여성전용,80만원,33만원,2인실
코방,길음역점,여성전용,110만원,52만원,1인실
원앤원하우스,길음역국민대_서경대점,여성전용,200만원,30만원,4인실
젤리 쉐어하우스,이대점,여성전용,600만원,29만원,2인실
호영이네 하우스,창신역점,여성전용,90만원,43만원,2인실
하늘,수유역2호점,여성전용,50만원,45만원,1인실
우주,12호점,여성전용,87만원,36만원,3인실
오희,고양점,여성전용,100만원,35만원,2인실
리어반(Re:Urban),홍대점,여성전용,40만원,35만원,2인실
사람앤하우스,미아점,여성전용,66만원,33만원,3인실
웨이브 쉐어하우스,홍대 1호점,여성전용,34만원,34만원,3인실
폼폼 쉐어하우스,돈암풍림점,여성전용,80만원,40만원,2인실
이실디,홍대점,여성전용,70만원,35만원,3인실
스테이 펠릭스,충무로역점,성별무관,30만원,60만원,1인실
홈스케치,서강대점,남성전용,70만원,30만원,2인실
하모하우스,서강대점,남성전용,100만원,35만원,2인실
하모하우스,서강대점,여성전용,100만원,42만원,2인실
나인,홍대점,여성전용,100만원,40만원,1인실
핀휠 쉐어하우스,신촌1호점,남성전용,90만원,43만원,1인실
은행나무 쉐어하우스,홍대점,여성전용,0만원,40만원,2인실
Calm&Mood,숙대두번째 16호점,여성전용,100만원,42만원,1인실
핀휠 쉐어하우스,홍대/망원점,여성전용,80만원,31만원,3인실
홈트리,성산점,여성전용,60만원,29만원,3인실
홈스케치,숙대점,여성전용,35만원,70만원,1인실
팸하우스,충무로점,여성전용,100만원,45만원,2인실
바다,성산동집 202호,성별무관,100만원,49만원,1인실
쉐어하우스 휴가,공덕역점,여성전용,105만원,55만원,1인실
제곱하우스,2호점,여성전용,100만원,41만원,2인실
자다,메리골드 후암2호점,여성전용,104만원,52만원,1인실
소집,1호점,여성전용,78만원,39만원,2인실
소집,2호점,여성전용,78만원,39만원,3인실
모아네 쉐어하우스,마포구청역점,여성전용,58만원,51만원,1인실
소집,3호점,여성전용,78만원,39만원,3인실
팸하우스,페퍼스하우스 충무로 5호점,여성전용,100만원,47만원,2인실
팸하우스,동대입구 4호점,여성전용,100만원,45만원,2인실
사람앤하우스,동묘점,여성전용,88만원,44만원,3인실
쉐어하우스 신,공덕점,여성전용,108만원,54만원,1인실
바다,합정동집 2호 Room C (1인실),여성전용,110만원,55만원,1인실
일가 쉐어하우스,망원일가2-마포구청 103-2인실,여성전용,100만원,36만원,2인실
어울림,망원1호점,여성전용,100만원,47만원,1인실
팸하우스,동대입구 1호점,남성전용,100만원,35만원,2인실
Calm&Mood,숙대세번째 19호점,여성전용,100만원,44만원,1인실
일가 쉐어하우스,4호점,여성전용,150만원,53만원,1인실
포레스트(FOR REST),공덕역점,여성전용,96만원,43만원,2인실
일가 쉐어하우스,3호점,여성전용,159만원,53만원,1인실
어울림,합정4호점,여성전용,100만원,55만원,1인실
코코쉐어하우스,효창동점,여성전용,100만원,30만원,4인실
동화,피클 공덕2호점,여성전용,50만원,29만원,2인실
어울림,합정2호점,여성전용,100만원,35만원,2인실
공감,광흥창역점,남성전용,100만원,50만원,2인실
폼폼 쉐어하우스,망원점,여성전용,80만원,40만원,2인실
메리골드 셰어하우스,망원역점,여성전용,40만원,35만원,2인실
브로콜리 하우스,망원 1호점,남성전용,50만원,45만원,1인실
팸하우스,상수점,여성전용,100만원,38만원,2인실
바운드쉐어,망원한강점,여성전용,100만원,40만원,3인실
코잠,7호점,여성전용,68만원,34만원,3인실
바운드쉐어,망원중앙점,여성전용,100만원,49만원,1인실
잠자리,마포구청 : 8호점,여성전용,70만원,35만원,2인실
일가 쉐어하우스,망원일가 Room 101,여성전용,153만원,51만원,1인실
MR. HOMES,홈즈스튜디오 원효로점,여성전용,60만원,55만원,1인실
우주,73호점,여성전용,96만원,40만원,2인실
폼폼 쉐어하우스,합정점,여성전용,80만원,40만원,2인실
CS 쉐어하우스,합정점,여성전용,100만원,51만원,1인실
청년 쉐어하우스,합정점,남성전용,35만원,35만원,2인실
젤리 쉐어하우스,망원점,여성전용,600만원,29만원,2인실
(남성전용) 청춘시대,1호점,남성전용,29만원,29만원,4인실
동거동락,34호점,여성전용,108만원,44만원,1인실
꽃송이가家,망원합정점,여성전용,80만원,39만원,2인실
꼬므,합정역 : 2호점,여성전용,80만원,40만원,2인실
우주,23호점,여성전용,70만원,35만원,4인실
워크 앤 리브,이태원 2호점,여성전용,114만원,49만원,1인실
워크 앤 리브,이태원 1호점,여성전용,120만원,52만원,1인실
우주,88호점,여성전용,120만원,52만원,1인실
원앤원하우스,월곡역동덕여대점,여성전용,150만원,33만원,3인실
하늘,고대 1호점,여성전용,50만원,40만원,1인실
하늘,월곡역점,여성전용,50만원,35만원,2인실
우주,48호점,여성전용,92만원,38만원,2인실
우주,49호점,여성전용,92만원,38만원,2인실
플레몬 쉐어하우스,14호점,여성전용,30만원,35만원,2인실
하늘,고대 2호점,여성전용,50만원,45만원,1인실
휴플러스,고대점,여성전용,100만원,45만원,1인실
쉐어하우스 하루,고려대점,여성전용,34만원,34만원,3인실
마주봄 쉐어하우스,고대 7호점,여성전용,100만원,47만원,1인실
하늘,상월곡점,여성전용,50만원,45만원,1인실
잠자리,신금호 : 10호점,여성전용,66만원,33만원,2인실
젤리 쉐어하우스,왕십리점,여성전용,600만원,42만원,1인실
We Live,당산 2호점,여성전용,100만원,32만원,2인실
자다,패밀리 한남점,여성전용,64만원,32만원,3인실
서울쉐어하우스 공주,여의도점,여성전용,74만원,37만원,2인실
우리별 포디하우스,한남별 룸2(1인실),여성전용,100만원,38만원,1인실
We Live,당산점,여성전용,100만원,48만원,1인실
마루 쉐어하우스,왕십리역점,여성전용,110만원,55만원,1인실
쉐어하우스 청춘愛(애),여의도점,여성전용,100만원,45만원,2인실
쉐어하우스 고리,광운대점,여성전용,64만원,32만원,2인실
쉐어하우스 방긋,회기역점,여성전용,150만원,35만원,2인실
원앤원하우스,경희대_외대점,여성전용,150만원,49만원,1인실
자몽 셰어하우스,노량진점,여성전용,300만원,32만원,2인실
쉐어필링스,노량진역 2인실,여성전용,150만원,32만원,2인실
슬리퍼 쉐어하우스,신이문점,여성전용,104만원,47만원,1인실
뜰 쉐어하우스,영등포점,여성전용,70만원,37만원,3인실
우주,58호점,여성전용,104만원,44만원,2인실
우주,80호점,여성전용,92만원,38만원,2인실
동거동락,1호 중앙대점,여성전용,78만원,36만원,3인실
에덴 하우스,목동 염창역점,여성전용,50만원,25만원,3인실
별자리 쉐어하우스,장승배기점,남성전용,100만원,35만원,2인실
잠자리,영등포구청 : 11호점,여성전용,66만원,33만원,2인실
단담하우스,중앙대점,여성전용,80만원,40만원,4인실
잠자리,영등포구청 : 17호점,남성전용,90만원,45만원,1인실
푸른언덕,중앙대점,여성전용,100만원,45만원,2인실
홈스케치,외대3호점,여성전용,96만원,48만원,1인실
커먼타운,압구정 022 Room E,여성전용,300만원,59만원,2인실
바다,외대 앞 집 Room C (2인실),여성전용,76만원,38만원,2인실
수니하우스,뚝섬역점,여성전용,100만원,49만원,1인실
Dream 쉐어하우스,영등포점,여성전용,90만원,45만원,1인실
우리별 포디하우스,등촌역점,여성전용,100만원,28만원,2인실
팸하우스,뚝섬점,남성전용,100만원,37만원,2인실
룸앤,상도점,여성전용,66만원,33만원,2인실
바다,문래동집 2호 Room C,여성전용,104만원,52만원,1인실
JustChill7 쉐어하우스,신사점,성별무관,65만원,50만원,2인실
다락,주아하우스 #2 belle,성별무관,50만원,35만원,1인실
슬리퍼 쉐어하우스,숭실점,여성전용,80만원,35만원,2인실
세이프헤븐,상도점,여성전용,100만원,34만원,1인실
스펙트럼 하우스,신사점,여성전용,132만원,56만원,1인실
스펙트럼 하우스,신사점,여성전용,160만원,70만원,1인실
여기쯤 쉐어하우스,여기쯤 신사1호점,여성전용,80만원,34만원,2인실
쉐어하우스 더뮤즈,신사역 가로수길점,여성전용,76만원,38만원,3인실
율 하우스,문래점,여성전용,98만원,49만원,1인실
우주,46호점,여성전용,102만원,43만원,2인실
우주,44호점,남성전용,85만원,34만원,2인실
우주,37호점,여성전용,74만원,29만원,3인실
우주,38호점,여성전용,96만원,40만원,2인실
낭만,양천향교역점,남성전용,114만원,38만원,1인실
여기쯤 쉐어하우스,여기쯤 신사3호점,여성전용,80만원,29만원,2인실
가로수 쉐어하우스,신사역점,여성전용,120만원,48만원,1인실
륜하우스,마곡점,여성전용,70만원,40만원,1인실
륜하우스,양천향교점,여성전용,70만원,33만원,2인실
Singles ( 싱글즈 ),신사점,여성전용,80만원,39만원,4인실
우주,96호점,여성전용,112만원,48만원,1인실
쉐어하우스 까사,숭실대점,여성전용,80만원,40만원,2인실
쉐어하우스 까사,숭실대2호점,여성전용,80만원,40만원,2인실
로뎀나무,Joy하우스 논현점,여성전용,110만원,49만원,1인실
소행주 특집,장안동점,여성전용,150만원,36만원,1인실
복덕방,논현2호점,여성전용,80만원,42만원,2인실
MOVHOUSE,논현2호점,여성전용,100만원,45만원,2인실
선녀방,신대방점,여성전용,110만원,55만원,1인실
장안생활,장한평점,성별무관,1000만원,47만원,1인실
자몽 셰어하우스,상도점,여성전용,300만원,35만원,1인실
에이블하우스,성수 2호점,여성전용,300만원,42만원,2인실
쉐어하우스 여행가,관악점,여성전용,100만원,52만원,1인실
쉐어반,논현역점,여성전용,110만원,55만원,1인실
MOVHOUSE,논현점,여성전용,100만원,52만원,1인실
잠자리,논현역 : 26호점,여성전용,98만원,49만원,1인실
LUMOS HOUSE,논현1호점,여성전용,100만원,59만원,1인실
테라스107,테라스107 Room 5,여성전용,70만원,70만원,1인실
복덕방,논현1호점,여성전용,120만원,56만원,1인실
강남다방 쉐어하우스,신논현점,여성전용,100만원,36만원,2인실
륜하우스,발산역점,여성전용,70만원,33만원,2인실
복덕방,학동역1호점,여성전용,50만원,33만원,2인실
동그라미 쉐어하우스,논현2호점,남성전용,50만원,55만원,1인실
더 하임 쉐어하우스,청담점,여성전용,20만원,57만원,1인실
우주,27호점,여성전용,96만원,40만원,2인실
복덕방,청담동1호점,여성전용,90만원,43만원,2인실
하피스,학동역점,여성전용,100만원,62만원,1인실
양드레하우스,강남점,여성전용,100만원,45만원,1인실
(남성전용)라임 스페이스,반포점,남성전용,100만원,41만원,2인실
하비비 하우스,신논현점,남성전용,100만원,54만원,1인실
MDP 쉐어하우스,신논현점,여성전용,60만원,50만원,2인실
(남성전용)라임 스페이스,신논현점,남성전용,50만원,41만원,2인실
오플랫 쉐어하우스,오플랫 신논현점,여성전용,100만원,55만원,1인실
젤리 쉐어하우스,청담점,여성전용,600만원,43만원,1인실
제이 쉐어하우스,세종대점,여성전용,42만원,42만원,2인실
잠자리,신림 : 4호점,여성전용,76만원,38만원,2인실
동그라미 쉐어하우스,학동역점,남성전용,50만원,43만원,1인실
여기쯤 쉐어하우스,여기쯤 논현2호점,여성전용,80만원,34만원,2인실
쉐어하우스 더뮤즈,강남구청점,여성전용,86만원,43만원,2인실
동네친구,8호점,여성전용,72만원,36만원,3인실
슈니하우스,건대 2호점,여성전용,50만원,33만원,3인실
세이프헤븐,이수점,여성전용,100만원,35만원,1인실
복덕방,청담사거리점,여성전용,100만원,44만원,2인실
포도 쉐어하우스,신논현점,남성전용,70만원,31만원,2인실
편안한家 쉐어하우스,건대점,여성전용,90만원,40만원,1인실
청춘가,서울대입구 3호점,여성전용,98만원,49만원,2인실
잠자리,신림 : 2호점,여성전용,90만원,45만원,1인실
동네친구,4호점,여성전용,64만원,32만원,4인실
팸하우스,세종대점,여성전용,100만원,34만원,2인실
우리집,건대_세종대점,여성전용,100만원,52만원,2인실
원더우먼 쉐어하우스,건대점,여성전용,129만원,43만원,2인실
슬리퍼 쉐어하우스,대학동점,여성전용,94만원,42만원,1인실
품안의 새,스위티_서울대입구역 1인실 ImQ,여성전용,90만원,45만원,1인실
품안의 새,핏타팻_서울대입구역 Room ImH,여성전용,92만원,46만원,1인실
원더우먼 쉐어하우스,니케 하우스 Room C,여성전용,70만원,35만원,2인실
포그니 쉐어하우스,서울대입구역점,여성전용,100만원,35만원,2인실
잠자리,서울대입구(3) : 25호점,여성전용,96만원,48만원,1인실
슈니하우스,건대점,여성전용,50만원,32만원,2인실
쉐어하우스 이층집,신림역 1호점,여성전용,100만원,28만원,1인실
동네친구,10호점,남성전용,100만원,37만원,3인실
잠자리,신대방 : 6호점,남성전용,90만원,47만원,1인실
쉐어필링스,신대방역점,남성전용,74만원,37만원,2인실
동네친구,13호점,남성전용,100만원,41만원,2인실
모니카 하우스,광진1호점,여성전용,100만원,53만원,1인실
원더우먼 쉐어하우스,마망 하우스 Room C,여성전용,100만원,38만원,2인실
슬리퍼 쉐어하우스,건대점,여성전용,84만원,37만원,2인실
Calm&Mood,방배 23호점,여성전용,200만원,38만원,2인실
단미하우스,까치산역점,여성전용,62만원,31만원,2인실
율 하우스,서울대입구역점,여성전용,104만원,52만원,1인실
꼬므,대림역 : 1호점,여성전용,90만원,43만원,2인실
아이엠 쉐어하우스,서울대입구역점,여성전용,100만원,33만원,3인실
동네친구,6호점,여성전용,72만원,36만원,2인실
T house,방배점,남성전용,80만원,35만원,3인실
도란도란하우스,신대방점,여성전용,100만원,43만원,1인실
home 601,home601_강남 o룸,여성전용,1000만원,50만원,4인실
슈니하우스,건대3호점,여성전용,50만원,33만원,3인실
쉐어필링스,서울대입구역점,남성전용,200만원,48만원,1인실
자몽 셰어하우스,군자점,여성전용,300만원,38만원,1인실
카페인하우스,사가정역점,남성전용,76만원,38만원,2인실
카페인하우스,사가정역점,여성전용,96만원,48만원,1인실
품안의 새,나르샤_신림역 2인실,여성전용,90만원,45만원,2인실
하품 (하우스 꿈을 품다),1호점,여성전용,1000만원,59만원,1인실
원앤원하우스,건대_세종대점,여성전용,150만원,49만원,1인실
동네친구,9호점,여성전용,84만원,42만원,2인실
동네친구,7호점,여성전용,72만원,36만원,2인실
우주,83호점,여성전용,108만원,46만원,1인실
우주,82호점,남성전용,88만원,36만원,1인실
우주,84호점,여성전용,108만원,46만원,1인실
젤리 쉐어하우스,봉천점,여성전용,600만원,39만원,1인실
Little brown House,신림점,여성전용,60만원,37만원,2인실
(남성전용)라임 스페이스,역삼점,남성전용,50만원,52만원,1인실
MOVHOUSE,강남DELUXE점,여성전용,150만원,53만원,1인실
도란도란하우스,사당점,여성전용,100만원,45만원,1인실
잠자리,서울대입구 : 1호점,남성전용,84만원,42만원,2인실
팸하우스,건대 2호점,여성전용,100만원,43만원,2인실
팸하우스,건대 3호점,여성전용,100만원,40만원,2인실
이너프하우스,사당점,여성전용,100만원,50만원,1인실
오아시스 쉐어하우스,건대 2호점,여성전용,150만원,55만원,2인실
앤즈하우스,서울대입구역1 Room A,여성전용,100만원,50만원,1인실
잠자리,낙성대역 : 20호점,여성전용,94만원,47만원,1인실
동네친구,1호점,여성전용,80만원,40만원,2인실
동네친구,2호점,여성전용,70만원,35만원,2인실
동네친구,5호점,여성전용,72만원,36만원,3인실
No.1 쉐어하우스,삼성중앙역점,남성전용,60만원,33만원,3인실
젤리 쉐어하우스,역삼점,여성전용,600만원,31만원,2인실
휴애락,건대점,여성전용,150만원,53만원,1인실
Sharehouse Cine,루프탑 건대점,여성전용,70만원,34만원,4인실
쉐어하우스 까사,사당역 3호점,여성전용,100만원,40만원,2인실
쉐어하우스 까사,사당역 2호점,여성전용,100만원,37만원,2인실
잠자리,신대방 : 3호점,여성전용,66만원,33만원,2인실
편안한家 쉐어하우스,자양점,여성전용,100만원,36만원,2인실
핀휠 쉐어하우스,대림점,남성전용,80만원,31만원,3인실
팸하우스,건대 4호점,남성전용,100만원,38만원,1인실
팸하우스,건대 1호점,여성전용,100만원,38만원,2인실
Singles ( 싱글즈 ),강남하우스 A룸,여성전용,150만원,52만원,4인실
잠자리,구로디지털단지 : 12호점,여성전용,60만원,30만원,1인실
바다유,7호 서울대입구역점,여성전용,90만원,45만원,1인실
홈트리,신도림점,여성전용,60만원,33만원,2인실
양드레하우스,군자1호점,여성전용,100만원,48만원,1인실
Sally's House,강남 서초파라곤 A룸,여성전용,100만원,28만원,4인실
강남 베타쉐어하우스,강남역점,여성전용,100만원,33만원,4인실
Sally's House,강남역점,여성전용,100만원,38만원,3인실
복덕방,역삼2호점,여성전용,32만원,32만원,2인실
순 스테이,구로디지털단지 1호점,여성전용,90만원,40만원,1인실
순 스테이,구로디지털단지 2호점,여성전용,74만원,31만원,2인실
복덕방,역삼1호점,여성전용,42만원,42만원,1인실
동화,구디점,여성전용,100만원,33만원,2인실
달달 쉐어하우스,삼성중앙역점,여성전용,76만원,38만원,2인실
피리하우스,낙성대점,여성전용,72만원,36만원,2인실
잠자리,구로디지털단지 : 13호점,남성전용,70만원,35만원,2인실
바다유,2호 삼성중앙역점,여성전용,70만원,36만원,2인실
채움 쉐어하우스,강남역 2호점,여성전용,100만원,51만원,1인실
채움 쉐어하우스,교대/강남역 1호점,여성전용,80만원,29만원,4인실
우주,43호점,여성전용,106만원,45만원,2인실
오아시스 쉐어하우스,낙성대역 4호점,여성전용,150만원,29만원,4인실
오아시스 쉐어하우스,낙성대역 3호점,여성전용,150만원,28만원,4인실
오아시스 쉐어하우스,낙성대역점,여성전용,150만원,28만원,4인실
동네친구,11호점,여성전용,300만원,43만원,2인실
청청,구디역점,남성전용,110만원,55만원,1인실
슈니하우스,삼성중앙역점,여성전용,78만원,39만원,3인실
팸하우스,사당점,여성전용,100만원,41만원,2인실
잠자리,구로디지털단지 : 7호점,여성전용,80만원,40만원,2인실
벽난로 쉐어하우스,강남코엑스점,남성전용,80만원,40만원,2인실
가가호호 쉐어하우스,관악점,남성전용,70만원,33만원,2인실
자몽 셰어하우스,고척동점,여성전용,300만원,30만원,1인실
쉐어하우스 withsomething,역삼점,남성전용,180만원,65만원,1인실
레미하우스,강남점,여성전용,100만원,35만원,2인실
잠자리,신림 대학동 : 21호점,남성전용,74만원,37만원,1인실
복덕방,강남세브란스점,여성전용,100만원,53만원,1인실
복덕방,세브란스사거리점,여성전용,90만원,45만원,2인실
복덕방,대치동 선릉역점,여성전용,100만원,45만원,2인실
앤스테이블,대치 301-1호,남성전용,4000만원,47만원,1인실
쉐어필링스,선릉역지점,여성전용,100만원,44만원,1인실
팸하우스,가산디지털단지점,여성전용,100만원,35만원,2인실
팸하우스,매봉1호점,여성전용,100만원,45만원,1인실
팸하우스,매봉 2호점,여성전용,100만원,33만원,2인실
부천 이야기쉐어하우스,1호 고강점,남성전용,70만원,30만원,1인실
라다팰리스,사회적주택(개봉동) 202호-1,성별무관,300만원,29만원,1인실
Calm&Mood,온수 17호점,남성전용,100만원,44만원,1인실
부천 이야기쉐어하우스,2호 원종점,성별무관,70만원,35만원,1인실
모니카 하우스,잠실2호점,여성전용,100만원,53만원,1인실
썸앤썸 쉐어하우스,삼전점,남성전용,100만원,50만원,1인실
모니카 하우스,잠실역점,여성전용,100만원,55만원,1인실
로이허브,천호점,성별무관,60만원,60만원,1인실
모니카 하우스,잠실3호점,여성전용,100만원,46만원,1인실
바다,암사동집 : 1층 103호,여성전용,100만원,35만원,1인실
모던 하우스,암사역점,여성전용,200만원,34만원,1인실
바다,암사동집 : 2층 203호,여성전용,100만원,37만원,1인실
모던 하우스,천호점,여성전용,200만원,32만원,1인실
모니카 하우스,잠실4호점,여성전용,100만원,60만원,1인실
몽리(MONLIT),석촌점,여성전용,100만원,50만원,1인실
원앤원하우스,강동역 2호점,여성전용,200만원,31만원,2인실
Sharehouse Cine,오금역점,여성전용,80만원,36만원,2인실
함께꿈꾸는마을,송파문정마을 ROOM B,여성전용,78만원,39만원,2인실
쉐어하우스 cloud9,킨텍스 대화역점,성별무관,150만원,40만원,1인실
Blessing House,대화 킨텍스점,여성전용,70만원,35만원,2인실
쉐어하우스 잎,부천역점,성별무관,70만원,35만원,1인실
플래닛디 하우스,플래닛디 하우스 1인실,여성전용,80만원,40만원,1인실
공감,부평 굴포천역 2호점,여성전용,50만원,23만원,1인실
공감,부평시장역점,여성전용,50만원,23만원,1인실
로라 쉐어하우스,부평구청역점,여성전용,80만원,32만원,1인실
로라 쉐어하우스,부평시장역점,여성전용,80만원,33만원,1인실
레몬트리 하우스,간석오거리점,여성전용,50만원,27만원,2인실
잠자리,주안역 : 18호점,여성전용,70만원,35만원,1인실
쉐어하우스 봄,주안 1호점,여성전용,84만원,37만원,1인실
베프 쉐어하우스,주안역점,여성전용,50만원,25만원,2인실
레몬,1호점,여성전용,60만원,30만원,2인실
인타운 하우스,인천대점,여성전용,100만원,30만원,1인실
세계로 하우스,종로부암점,성별무관,60만원,65만원,2인실
다락,홍오하우스 Room A,성별무관,50만원,39만원,1인실
우주,89호점,여성전용,96만원,40만원,2인실
다락,홍원하우스 Room D,성별무관,50만원,39만원,1인실
Calm&Mood,홍제 18호점,여성전용,100만원,44만원,1인실
자몽 셰어하우스,연신내점,여성전용,300만원,28만원,1인실
블랑 쉐어하우스,응암점,여성전용,80만원,35만원,2인실
Calm&Mood,DMC(구산) 22호점,여성전용,200만원,54만원,1인실
플레몬 쉐어하우스,29호점,성별무관,50만원,52만원,1인실
동거동락,33A호점,남성전용,105만원,44만원,1인실
따또 쉐어하우스,연희점,여성전용,100만원,54만원,1인실
자몽 셰어하우스,한성대성북점,남성전용,100만원,30만원,1인실
MK코하우징,연희점,여성전용,100만원,50만원,1인실
공상가,연세 1호점,여성전용,112만원,56만원,1인실
위아영 쉐어하우스,아현점,여성전용,100만원,50만원,1인실
공상가,연세 2호점,여성전용,108만원,54만원,1인실
Calm&Mood,연희 1호점,여성전용,100만원,33만원,2인실
플레몬 쉐어하우스,13호점,성별무관,50만원,30만원,2인실
UrbanShares,OneNam206 N3,성별무관,100만원,63만원,1인실
UrbanShares,1stHQ HQ503,성별무관,100만원,75만원,1인실
마주봄 쉐어하우스,혜화 6호점,여성전용,100만원,52만원,1인실
바다,연남동 : 1호 E Room,여성전용,110만원,55만원,1인실
우주,50호점,여성전용,95만원,39만원,2인실
서로가 쉐어하우스,충정로점,여성전용,50만원,45만원,2인실
Calm&Mood,혜화 20호점,여성전용,100만원,35만원,2인실
자몽 셰어하우스,대학로점,여성전용,300만원,32만원,2인실
쉐어하우스 보통,아현점,여성전용,106만원,53만원,1인실
세이프헤븐,DMC점,여성전용,100만원,39만원,1인실
에덴 하우스,홍대점,여성전용,60만원,30만원,3인실
다락,허밍하우스 큰1인실,성별무관,50만원,43만원,1인실
굿밤하우스,홍대입구점,성별무관,10만원,45만원,1인실
프렌즈,연남점,여성전용,90만원,48만원,2인실
우주,94호점,남성전용,102만원,43만원,1인실
우주,93호점,여성전용,104만원,44만원,1인실
우주,95호점,여성전용,104만원,44만원,1인실
커먼타운,센트럴 261 407,여성전용,300만원,55만원,1인실
우주,62호점,여성전용,120만원,52만원,1인실
핀휠 쉐어하우스,신촌점,여성전용,90만원,43만원,1인실
코방,길음역점,여성전용,110만원,48만원,1인실
호영이네 하우스,창신역점,여성전용,80만원,38만원,3인실
하늘,수유역2호점,여성전용,50만원,42만원,1인실
우주,12호점,여성전용,111만원,48만원,1인실
오희,고양점,여성전용,100만원,30만원,3인실
스테이 펠릭스,충무로역점,성별무관,30만원,60만원,1인실
하모하우스,서강대점,여성전용,100만원,35만원,3인실
은행나무 쉐어하우스,홍대점,여성전용,0만원,40만원,2인실
Calm&Mood,숙대두번째 16호점,여성전용,100만원,45만원,1인실
홈스케치,숙대점,여성전용,80만원,40만원,1인실
팸하우스,충무로점,여성전용,100만원,40만원,2인실
자다,메리골드 후암2호점,여성전용,84만원,42만원,2인실
Calm&Mood,숙대세번째 19호점,여성전용,100만원,49만원,1인실
바운드쉐어,망원한강점,여성전용,100만원,55만원,1인실
바운드쉐어,망원중앙점,여성전용,100만원,53만원,1인실
MR. HOMES,홈즈스튜디오 원효로점,여성전용,60만원,60만원,1인실
우주,73호점,여성전용,96만원,40만원,2인실
동거동락,34호점,여성전용,119만원,49만원,1인실
워크 앤 리브,이태원 2호점,여성전용,132만원,58만원,1인실
우주,88호점,여성전용,112만원,49만원,1인실
하늘,고대 2호점,여성전용,50만원,45만원,1인실
We Live,당산 2호점,여성전용,100만원,53만원,1인실
We Live,당산점,여성전용,100만원,53만원,1인실
쉐어하우스 청춘愛(애),여의도점,여성전용,100만원,33만원,3인실
자몽 셰어하우스,노량진점,여성전용,300만원,45만원,1인실
슬리퍼 쉐어하우스,신이문점,여성전용,104만원,47만원,1인실
잠자리,영등포구청 : 17호점,남성전용,84만원,42만원,1인실
푸른언덕,중앙대점,여성전용,100만원,45만원,2인실
바다,외대 앞 집 Room D (1인실),여성전용,92만원,46만원,1인실
다락,주아하우스 #1 confor,성별무관,50만원,35만원,1인실
세이프헤븐,상도점,여성전용,100만원,47만원,1인실
스펙트럼 하우스,신사점,여성전용,132만원,56만원,1인실
스펙트럼 하우스,신사점,여성전용,186만원,83만원,1인실
여기쯤 쉐어하우스,여기쯤 신사1호점,여성전용,80만원,35만원,2인실
쉐어하우스 더뮤즈,신사역 가로수길점,여성전용,76만원,38만원,4인실
우주,46호점,성별무관,112만원,48만원,1인실
우주,37호점,여성전용,92만원,38만원,3인실
우주,38호점,여성전용,72만원,28만원,3인실
낭만,양천향교역점,남성전용,120만원,40만원,1인실
가로수 쉐어하우스,신사역점,여성전용,113만원,45만원,2인실
Singles ( 싱글즈 ),신사점,여성전용,200만원,65만원,1인실
우주,96호점,여성전용,112만원,48만원,1인실
소행주 특집,장안동점,여성전용,150만원,33만원,1인실
장안생활,장한평점,성별무관,1000만원,47만원,1인실
자몽 셰어하우스,상도점,여성전용,300만원,42만원,1인실
쉐어하우스 여행가,관악점,여성전용,80만원,32만원,3인실
쉐어반,논현역점,여성전용,110만원,55만원,1인실
잠자리,논현역 : 26호점,여성전용,98만원,49만원,1인실
테라스107,테라스107 Room 7,여성전용,100만원,80만원,1인실
강남다방 쉐어하우스,신논현점,여성전용,100만원,57만원,1인실
동그라미 쉐어하우스,논현2호점,남성전용,50만원,42만원,1인실
더 하임 쉐어하우스,청담점,여성전용,200만원,45만원,2인실
우주,27호점,여성전용,88만원,36만원,3인실
제이 쉐어하우스,세종대점,여성전용,42만원,42만원,2인실
동그라미 쉐어하우스,학동역점,남성전용,50만원,25만원,1인실
여기쯤 쉐어하우스,여기쯤 논현2호점,여성전용,80만원,34만원,4인실
우리집,건대_세종대점,여성전용,100만원,50만원,2인실
원더우먼 쉐어하우스,건대점,여성전용,126만원,40만원,2인실
슬리퍼 쉐어하우스,대학동점,여성전용,80만원,35만원,2인실
쉐어하우스 이층집,신림역 1호점,여성전용,100만원,50만원,2인실
Calm&Mood,방배 23호점,여성전용,200만원,47만원,1인실
단미하우스,까치산역점,여성전용,58만원,29만원,3인실
율 하우스,서울대입구역점,여성전용,108만원,54만원,1인실
home 601,home601_강남 a룸,남성전용,1000만원,50만원,4인실
자몽 셰어하우스,군자점,여성전용,300만원,38만원,1인실
카페인하우스,사가정역점,여성전용,76만원,38만원,2인실
품안의 새,나르샤_신림역 1인실,여성전용,106만원,53만원,1인실
하품 (하우스 꿈을 품다),1호점,여성전용,1000만원,59만원,1인실
우주,82호점,남성전용,88만원,36만원,1인실
우주,84호점,여성전용,106만원,45만원,1인실
MOVHOUSE,강남DELUXE점,여성전용,150만원,57만원,1인실
팸하우스,건대 3호점,여성전용,100만원,43만원,1인실
잠자리,낙성대역 : 20호점,여성전용,78만원,39만원,2인실
휴애락,건대점,남성전용,150만원,45만원,1인실
쉐어하우스 까사,사당역 2호점,여성전용,100만원,47만원,1인실
팸하우스,건대 1호점,여성전용,100만원,36만원,2인실
Singles ( 싱글즈 ),강남하우스 D룸,여성전용,200만원,57만원,2인실
잠자리,구로디지털단지 : 12호점,여성전용,74만원,37만원,2인실
바다유,7호 서울대입구역점,여성전용,90만원,45만원,1인실
Sally's House,강남 서초파라곤 B룸,여성전용,100만원,26만원,4인실
강남 베타쉐어하우스,강남역점,여성전용,120만원,36만원,3인실
Sally's House,강남역점,여성전용,100만원,35만원,3인실
복덕방,역삼1호점,여성전용,55만원,55만원,1인실
동화,구디점,여성전용,50만원,28만원,3인실
채움 쉐어하우스,교대/강남역 1호점,여성전용,100만원,51만원,1인실
우주,43호점,여성전용,92만원,38만원,2인실
동네친구,11호점,여성전용,300만원,39만원,3인실
팸하우스,사당점,여성전용,100만원,48만원,1인실
잠자리,구로디지털단지 : 7호점,여성전용,70만원,35만원,2인실
가가호호 쉐어하우스,관악점,남성전용,100만원,43만원,1인실
자몽 셰어하우스,고척동점,여성전용,300만원,30만원,1인실
잠자리,신림 대학동 : 21호점,남성전용,80만원,40만원,1인실
복덕방,강남세브란스점,여성전용,100만원,45만원,1인실
복덕방,대치동 선릉역점,여성전용,100만원,43만원,2인실
앤스테이블,대치 302-2호,남성전용,4000만원,41만원,1인실
팸하우스,가산디지털단지점,여성전용,100만원,35만원,2인실
라다팰리스,사회적주택(개봉동) 202호-2,성별무관,300만원,22만원,1인실
Calm&Mood,온수 17호점,남성전용,100만원,36만원,1인실
바다,암사동집 : 1층 104호,여성전용,100만원,35만원,1인실
바다,암사동집 : 2층 204호,여성전용,100만원,35만원,1인실
모던 하우스,암사역점,여성전용,200만원,35만원,1인실
모던 하우스,천호점,여성전용,200만원,37만원,1인실
원앤원하우스,강동역 2호점,여성전용,200만원,31만원,3인실
Sharehouse Cine,오금역점,여성전용,70만원,33만원,3인실
쉐어하우스 cloud9,킨텍스 대화역점,여성전용,150만원,40만원,1인실
공감,부평시장역점,여성전용,50만원,25만원,2인실
공감,부평 굴포천역 2호점,여성전용,50만원,25만원,2인실
인타운 하우스,인천대점,여성전용,100만원,35만원,1인실
다락,홍오하우스 Room C,성별무관,50만원,37만원,1인실
Calm&Mood,홍제 18호점,여성전용,100만원,41만원,1인실
자몽 셰어하우스,연신내점,여성전용,300만원,29만원,1인실
블랑 쉐어하우스,응암점,여성전용,80만원,34만원,2인실
Calm&Mood,DMC(구산) 22호점,여성전용,200만원,40만원,1인실
플레몬 쉐어하우스,29호점,성별무관,50만원,42만원,1인실
자몽 셰어하우스,한성대성북점,남성전용,100만원,28만원,1인실
MK코하우징,연희점,여성전용,100만원,50만원,1인실
공상가,연세 1호점,여성전용,114만원,57만원,1인실
공상가,연세 2호점,여성전용,78만원,39만원,1인실
Calm&Mood,연희 1호점,여성전용,100만원,35만원,2인실
플레몬 쉐어하우스,13호점,성별무관,50만원,32만원,2인실
우주,50호점,남성전용,107만원,46만원,1인실
Calm&Mood,혜화 20호점,여성전용,100만원,46만원,1인실
자몽 셰어하우스,대학로점,여성전용,300만원,45만원,1인실
에덴 하우스,홍대점,여성전용,60만원,30만원,4인실
굿밤하우스,홍대입구점,여성전용,10만원,45만원,1인실
우주,93호점,여성전용,108만원,46만원,1인실
우주,95호점,여성전용,102만원,43만원,1인실
커먼타운,센트럴 261 311,여성전용,300만원,52만원,1인실
코방,길음역점,여성전용,110만원,50만원,1인실
스테이 펠릭스,충무로역점,성별무관,30만원,60만원,1인실
은행나무 쉐어하우스,홍대점,여성전용,0만원,40만원,4인실
Calm&Mood,숙대두번째 16호점,여성전용,100만원,42만원,1인실
홈스케치,숙대점,여성전용,66만원,33만원,2인실
팸하우스,충무로점,여성전용,100만원,42만원,1인실
Calm&Mood,숙대세번째 19호점,여성전용,100만원,49만원,1인실
바운드쉐어,망원중앙점,여성전용,100만원,56만원,1인실
MR. HOMES,홈즈스튜디오 원효로점,여성전용,60만원,60만원,1인실
동거동락,34호점,여성전용,121만원,50만원,1인실
워크 앤 리브,이태원 2호점,여성전용,114만원,49만원,1인실
We Live,당산점,여성전용,100만원,52만원,1인실
자몽 셰어하우스,노량진점,여성전용,300만원,45만원,1인실
푸른언덕,중앙대점,여성전용,100만원,45만원,2인실
스펙트럼 하우스,신사점,여성전용,123만원,51만원,2인실
스펙트럼 하우스,신사점,여성전용,149만원,64만원,1인실
여기쯤 쉐어하우스,여기쯤 신사1호점,여성전용,80만원,37만원,2인실
낭만,양천향교역점,여성전용,150만원,50만원,1인실
장안생활,장한평점,성별무관,1000만원,52만원,1인실
자몽 셰어하우스,상도점,여성전용,300만원,40만원,1인실
쉐어반,논현역점,여성전용,110만원,55만원,1인실
잠자리,논현역 : 26호점,여성전용,90만원,45만원,2인실
테라스107,테라스107 Room 2,여성전용,70만원,70만원,1인실
더 하임 쉐어하우스,청담점,여성전용,200만원,47만원,2인실
제이 쉐어하우스,세종대점,여성전용,35만원,35만원,4인실
원더우먼 쉐어하우스,건대점,여성전용,114만원,40만원,1인실
Calm&Mood,방배 23호점,여성전용,200만원,48만원,1인실
home 601,home601_강남 e룸,남성전용,1000만원,50만원,4인실
자몽 셰어하우스,군자점,여성전용,300만원,38만원,1인실
카페인하우스,사가정역점,여성전용,76만원,38만원,2인실
하품 (하우스 꿈을 품다),1호점,남성전용,1000만원,64만원,1인실
우주,84호점,여성전용,108만원,46만원,1인실
MOVHOUSE,강남DELUXE점,여성전용,150만원,54만원,1인실
휴애락,건대점,여성전용,150만원,45만원,2인실
팸하우스,건대 1호점,여성전용,100만원,44만원,1인실
바다유,7호 서울대입구역점,여성전용,70만원,35만원,2인실
복덕방,역삼1호점,여성전용,42만원,42만원,1인실
우주,43호점,여성전용,102만원,43만원,2인실
팸하우스,사당점,여성전용,100만원,48만원,1인실
복덕방,강남세브란스점,여성전용,100만원,53만원,2인실
앤스테이블,대치 302-1호,남성전용,4000만원,41만원,1인실
라다팰리스,사회적주택(개봉동) 301호-1,성별무관,300만원,33만원,1인실
Calm&Mood,온수 17호점,남성전용,100만원,35만원,1인실
바다,암사동집 : 2층 205호,여성전용,100만원,35만원,1인실
모던 하우스,암사역점,여성전용,200만원,35만원,1인실
모던 하우스,천호점,여성전용,200만원,39만원,1인실
Sharehouse Cine,오금역점,여성전용,90만원,44만원,1인실
쉐어하우스 cloud9,킨텍스 대화역점,남성전용,150만원,40만원,1인실
인타운 하우스,인천대점,여성전용,100만원,35만원,1인실
Calm&Mood,홍제 18호점,여성전용,100만원,45만원,1인실
자몽 셰어하우스,연신내점,여성전용,300만원,28만원,1인실
Calm&Mood,DMC(구산) 22호점,여성전용,500만원,41만원,1인실
플레몬 쉐어하우스,29호점,성별무관,50만원,52만원,1인실
자몽 셰어하우스,한성대성북점,여성전용,100만원,30만원,1인실
MK코하우징,연희점,여성전용,100만원,50만원,1인실
공상가,연세 1호점,여성전용,114만원,57만원,1인실
공상가,연세 2호점,여성전용,108만원,54만원,1인실
플레몬 쉐어하우스,13호점,성별무관,30만원,32만원,3인실
Calm&Mood,혜화 20호점,여성전용,200만원,49만원,1인실
자몽 셰어하우스,대학로점,여성전용,300만원,40만원,1인실
굿밤하우스,홍대입구점,성별무관,10만원,45만원,1인실
우주,93호점,여성전용,102만원,43만원,1인실
우주,95호점,여성전용,100만원,420만원,1인실
커먼타운,센트럴 261 310,여성전용,300만원,58만원,1인실
스테이 펠릭스,충무로역점,성별무관,30만원,50만원,2인실
Calm&Mood,숙대두번째 16호점,여성전용,100만원,43만원,1인실
팸하우스,충무로점,여성전용,100만원,49만원,1인실
Calm&Mood,숙대세번째 19호점,여성전용,100만원,48만원,1인실
MR. HOMES,홈즈스튜디오 원효로점,여성전용,60만원,60만원,1인실
동거동락,34호점,여성전용,121만원,50만원,1인실
워크 앤 리브,이태원 2호점,여성전용,124만원,54만원,1인실
자몽 셰어하우스,노량진점,여성전용,300만원,33만원,2인실
스펙트럼 하우스,신사점,여성전용,102만원,41만원,2인실
스펙트럼 하우스,신사점,여성전용,102만원,41만원,2인실
낭만,양천향교역점,여성전용,150만원,50만원,1인실
장안생활,장한평점,성별무관,1000만원,52만원,1인실
자몽 셰어하우스,상도점,여성전용,300만원,33만원,3인실
쉐어반,논현역점,여성전용,110만원,55만원,1인실
테라스107,테라스107 Room 3,여성전용,75만원,75만원,1인실
Calm&Mood,방배 23호점,여성전용,200만원,55만원,1인실
자몽 셰어하우스,군자점,여성전용,300만원,38만원,1인실
하품 (하우스 꿈을 품다),1호점,남성전용,1000만원,49만원,4인실
우주,84호점,여성전용,114만원,49만원,1인실
MOVHOUSE,강남DELUXE점,여성전용,150만원,56만원,1인실
휴애락,건대점,여성전용,150만원,53만원,1인실
복덕방,역삼1호점,여성전용,41만원,41만원,1인실
복덕방,강남세브란스점,여성전용,100만원,41만원,2인실
라다팰리스,사회적주택(개봉동) 301호-2,성별무관,300만원,29만원,1인실
Calm&Mood,온수 17호점,남성전용,100만원,35만원,1인실
바다,암사동집 : 2층 401호,여성전용,100만원,39만원,1인실
모던 하우스,천호점,여성전용,200만원,42만원,1인실
쉐어하우스 cloud9,킨텍스 대화역점,남성전용,150만원,50만원,1인실
인타운 하우스,인천대점,여성전용,100만원,30만원,1인실
Calm&Mood,홍제 18호점,여성전용,100만원,43만원,1인실
자몽 셰어하우스,연신내점,여성전용,300만원,28만원,1인실
Calm&Mood,DMC(구산) 22호점,여성전용,500만원,40만원,1인실
플레몬 쉐어하우스,29호점,성별무관,50만원,49만원,1인실
자몽 셰어하우스,한성대성북점,여성전용,100만원,30만원,1인실
MK코하우징,연희점,여성전용,100만원,50만원,1인실
공상가,연세 1호점,여성전용,108만원,54만원,1인실
공상가,연세 2호점,남성전용,108만원,54만원,1인실
플레몬 쉐어하우스,13호점,성별무관,50만원,42만원,1인실
Calm&Mood,혜화 20호점,여성전용,200만원,51만원,1인실
자몽 셰어하우스,대학로점,여성전용,300만원,40만원,1인실
우주,93호점,여성전용,100만원,42만원,1인실
스테이 펠릭스,충무로역점,성별무관,30만원,50만원,2인실
Calm&Mood,숙대두번째 16호점,여성전용,100만원,41만원,1인실
팸하우스,충무로점,여성전용,100만원,46만원,1인실
Calm&Mood,숙대세번째 19호점,여성전용,100만원,48만원,1인실
MR. HOMES,홈즈스튜디오 원효로점,여성전용,60만원,60만원,1인실
동거동락,34호점,여성전용,130만원,55만원,1인실
워크 앤 리브,이태원 2호점,여성전용,114만원,49만원,1인실
자몽 셰어하우스,노량진점,여성전용,300만원,34만원,2인실
스펙트럼 하우스,신사점,여성전용,148만원,64만원,1인실
낭만,양천향교역점,여성전용,120만원,40만원,2인실
장안생활,장한평점,성별무관,1000만원,47만원,1인실
자몽 셰어하우스,상도점,여성전용,300만원,38만원,1인실
쉐어반,논현역점,여성전용,106만원,53만원,1인실
Calm&Mood,방배 23호점,여성전용,200만원,53만원,1인실
자몽 셰어하우스,군자점,여성전용,300만원,38만원,1인실
하품 (하우스 꿈을 품다),1호점,남성전용,1000만원,47만원,6인실
우주,84호점,여성전용,110만원,47만원,1인실
MOVHOUSE,강남DELUXE점,여성전용,150만원,47만원,2인실
휴애락,건대점,남성전용,150만원,45만원,1인실
라다팰리스,사회적주택(개봉동) 302호-1,성별무관,300만원,29만원,1인실
Calm&Mood,온수 17호점,남성전용,100만원,36만원,1인실
모던 하우스,천호점,여성전용,200만원,39만원,1인실
쉐어하우스 cloud9,킨텍스 대화역점,성별무관,150만원,50만원,1인실
인타운 하우스,인천대점,여성전용,100만원,35만원,1인실
Calm&Mood,홍제 18호점,여성전용,100만원,38만원,1인실
자몽 셰어하우스,연신내점,여성전용,300만원,29만원,1인실
Calm&Mood,DMC(구산) 22호점,여성전용,500만원,45만원,1인실
플레몬 쉐어하우스,29호점,성별무관,50만원,34만원,1인실
자몽 셰어하우스,한성대성북점,여성전용,100만원,25만원,2인실
MK코하우징,연희점,여성전용,100만원,50만원,1인실
공상가,연세 1호점,여성전용,116만원,58만원,1인실
공상가,연세 2호점,여성전용,108만원,54만원,1인실
플레몬 쉐어하우스,13호점,성별무관,50만원,52만원,1인실
Calm&Mood,혜화 20호점,여성전용,200만원,51만원,1인실
자몽 셰어하우스,대학로점,여성전용,300만원,40만원,1인실
스테이 펠릭스,충무로역점,성별무관,30만원,60만원,1인실
팸하우스,충무로점,여성전용,100만원,39만원,2인실
Calm&Mood,숙대세번째 19호점,여성전용,100만원,48만원,1인실
MR. HOMES,홈즈스튜디오 원효로점,여성전용,60만원,60만원,1인실
동거동락,34호점,여성전용,130만원,55만원,1인실
워크 앤 리브,이태원 2호점,여성전용,124만원,54만원,1인실
자몽 셰어하우스,노량진점,여성전용,300만원,45만원,1인실
낭만,양천향교역점,여성전용,120만원,40만원,2인실
장안생활,장한평점,성별무관,1000만원,47만원,1인실
쉐어반,논현역점,여성전용,90만원,42만원,2인실
Calm&Mood,방배 23호점,여성전용,200만원,55만원,1인실
자몽 셰어하우스,군자점,남성전용,300만원,38만원,1인실
하품 (하우스 꿈을 품다),1호점,여성전용,1000만원,46만원,8인실
우주,84호점,여성전용,114만원,49만원,1인실
휴애락,건대점,남성전용,150만원,43만원,2인실
라다팰리스,사회적주택(개봉동) 302호-2,성별무관,300만원,22만원,1인실
Calm&Mood,온수 17호점,여성전용,100만원,45만원,1인실
모던 하우스,천호점,여성전용,200만원,40만원,1인실
인타운 하우스,인천대점,여성전용,100만원,30만원,1인실
자몽 셰어하우스,연신내점,여성전용,300만원,28만원,1인실
Calm&Mood,DMC(구산) 22호점,여성전용,500만원,43만원,1인실
플레몬 쉐어하우스,29호점,성별무관,50만원,39만원,1인실
자몽 셰어하우스,한성대성북점,여성전용,100만원,30만원,1인실
MK코하우징,연희점,여성전용,100만원,50만원,1인실
공상가,연세 1호점,여성전용,108만원,54만원,1인실
공상가,연세 2호점,여성전용,108만원,54만원,1인실
플레몬 쉐어하우스,13호점,성별무관,50만원,52만원,1인실
Calm&Mood,혜화 20호점,여성전용,100만원,47만원,1인실
자몽 셰어하우스,대학로점,여성전용,300만원,40만원,1인실
스테이 펠릭스,충무로역점,성별무관,30만원,60만원,1인실
팸하우스,충무로점,여성전용,100만원,49만원,1인실
Calm&Mood,숙대세번째 19호점,여성전용,100만원,35만원,2인실
MR. HOMES,홈즈스튜디오 원효로점,여성전용,60만원,60만원,1인실
동거동락,34호점,여성전용,127만원,53만원,1인실
워크 앤 리브,이태원 2호점,여성전용,124만원,54만원,1인실
자몽 셰어하우스,노량진점,여성전용,300만원,42만원,1인실
장안생활,장한평점,성별무관,1000만원,52만원,1인실
Calm&Mood,방배 23호점,여성전용,200만원,55만원,1인실
자몽 셰어하우스,군자점,남성전용,300만원,38만원,1인실
하품 (하우스 꿈을 품다),1호점,여성전용,1000만원,44만원,8인실
휴애락,건대점,여성전용,150만원,55만원,1인실
라다팰리스,사회적주택(개봉동) 401호-1,성별무관,300만원,31만원,1인실
Calm&Mood,온수 17호점,여성전용,100만원,35만원,1인실
모던 하우스,천호점,여성전용,200만원,39만원,1인실
인타운 하우스,인천대점,여성전용,100만원,35만원,1인실
자몽 셰어하우스,연신내점,여성전용,300만원,28만원,1인실
Calm&Mood,DMC(구산) 22호점,여성전용,500만원,42만원,1인실
자몽 셰어하우스,한성대성북점,여성전용,100만원,25만원,2인실
MK코하우징,연희점,여성전용,100만원,50만원,1인실
공상가,연세 1호점,여성전용,78만원,39만원,1인실
공상가,연세 2호점,남성전용,108만원,54만원,1인실
플레몬 쉐어하우스,13호점,성별무관,50만원,52만원,1인실
자몽 셰어하우스,대학로점,여성전용,300만원,40만원,1인실
스테이 펠릭스,충무로역점,성별무관,30만원,60만원,1인실
팸하우스,충무로점,여성전용,100만원,46만원,1인실
Calm&Mood,숙대세번째 19호점,여성전용,100만원,49만원,1인실
MR. HOMES,홈즈스튜디오 원효로점,여성전용,60만원,60만원,1인실
동거동락,34호점,여성전용,127만원,53만원,1인실
장안생활,장한평점,여성전용,1000만원,52만원,1인실
Calm&Mood,방배 23호점,여성전용,200만원,47만원,1인실
자몽 셰어하우스,군자점,남성전용,300만원,38만원,1인실
하품 (하우스 꿈을 품다),1호점,여성전용,1000만원,64만원,1인실
휴애락,건대점,여성전용,150만원,51만원,1인실
라다팰리스,사회적주택(개봉동) 401호-2,성별무관,300만원,25만원,1인실
Calm&Mood,온수 17호점,여성전용,300만원,37만원,1인실
모던 하우스,천호점,여성전용,200만원,37만원,1인실
인타운 하우스,인천대점,여성전용,100만원,35만원,1인실
자몽 셰어하우스,연신내점,여성전용,300만원,28만원,1인실
Calm&Mood,DMC(구산) 22호점,여성전용,500만원,45만원,1인실
자몽 셰어하우스,한성대성북점,여성전용,100만원,33만원,1인실
MK코하우징,연희점,여성전용,300만원,50만원,1인실
공상가,연세 1호점,여성전용,112만원,56만원,1인실
공상가,연세 2호점,남성전용,88만원,44만원,1인실
플레몬 쉐어하우스,13호점,성별무관,50만원,52만원,1인실
스테이 펠릭스,충무로역점,성별무관,30만원,60만원,1인실
MR. HOMES,홈즈스튜디오 원효로점,여성전용,60만원,60만원,1인실
동거동락,34호점,여성전용,134만원,57만원,1인실
장안생활,장한평점,여성전용,1000만원,47만원,1인실
Calm&Mood,방배 23호점,여성전용,200만원,48만원,1인실
자몽 셰어하우스,군자점,여성전용,300만원,38만원,1인실
하품 (하우스 꿈을 품다),1호점,남성전용,1000만원,59만원,1인실
휴애락,건대점,여성전용,150만원,53만원,1인실
라다팰리스,사회적주택(개봉동) 402호-1,성별무관,300만원,33만원,1인실
Calm&Mood,온수 17호점,여성전용,100만원,35만원,1인실
모던 하우스,천호점,여성전용,200만원,32만원,1인실
자몽 셰어하우스,연신내점,여성전용,300만원,28만원,1인실
Calm&Mood,DMC(구산) 22호점,여성전용,500만원,41만원,1인실
자몽 셰어하우스,한성대성북점,여성전용,100만원,33만원,1인실
MK코하우징,연희점,여성전용,100만원,50만원,1인실
공상가,연세 1호점,여성전용,114만원,57만원,1인실
공상가,연세 2호점,남성전용,88만원,44만원,1인실
플레몬 쉐어하우스,13호점,성별무관,50만원,35만원,2인실
스테이 펠릭스,충무로역점,성별무관,30만원,55만원,1인실
MR. HOMES,홈즈스튜디오 원효로점,여성전용,60만원,60만원,1인실
장안생활,장한평점,여성전용,1000만원,47만원,1인실
Calm&Mood,방배 23호점,여성전용,200만원,48만원,1인실
자몽 셰어하우스,군자점,여성전용,300만원,38만원,1인실
하품 (하우스 꿈을 품다),1호점,여성전용,1000만원,63만원,1인실
휴애락,건대점,여성전용,150만원,48만원,2인실
라다팰리스,사회적주택(개봉동) 402호-2,성별무관,300만원,33만원,1인실
Calm&Mood,온수 17호점,성별무관,500만원,44만원,1인실
모던 하우스,천호점,여성전용,200만원,39만원,1인실
자몽 셰어하우스,연신내점,여성전용,300만원,28만원,1인실
Calm&Mood,DMC(구산) 22호점,여성전용,500만원,38만원,1인실
자몽 셰어하우스,한성대성북점,여성전용,100만원,30만원,1인실
MK코하우징,연희점,남성전용,100만원,50만원,1인실
공상가,연세 1호점,여성전용,108만원,54만원,1인실
공상가,연세 2호점,남성전용,108만원,54만원,1인실
스테이 펠릭스,충무로역점,성별무관,30만원,60만원,1인실
MR. HOMES,홈즈스튜디오 원효로점,여성전용,60만원,60만원,1인실
장안생활,장한평점,여성전용,9000만원,0만원,1인실
Calm&Mood,방배 23호점,여성전용,200만원,48만원,1인실
자몽 셰어하우스,군자점,남성전용,300만원,38만원,1인실
하품 (하우스 꿈을 품다),1호점,남성전용,1000만원,59만원,1인실
휴애락,건대점,여성전용,150만원,48만원,2인실
라다팰리스,사회적주택(개봉동) 501호-1,성별무관,300만원,29만원,1인실
Calm&Mood,온수 17호점,여성전용,100만원,37만원,1인실
모던 하우스,천호점,여성전용,200만원,39만원,1인실
자몽 셰어하우스,연신내점,여성전용,300만원,28만원,1인실
Calm&Mood,DMC(구산) 22호점,여성전용,500만원,38만원,1인실
자몽 셰어하우스,한성대성북점,여성전용,100만원,30만원,1인실
MK코하우징,연희점,남성전용,330만원,55만원,1인실
공상가,연세 1호점,남성전용,110만원,55만원,1인실
공상가,연세 2호점,여성전용,108만원,54만원,1인실
스테이 펠릭스,충무로역점,성별무관,30만원,60만원,1인실
MR. HOMES,홈즈스튜디오 원효로점,여성전용,60만원,60만원,1인실
장안생활,장한평점,여성전용,9000만원,0만원,1인실
Calm&Mood,방배 23호점,여성전용,200만원,48만원,1인실
자몽 셰어하우스,군자점,남성전용,300만원,38만원,1인실
휴애락,건대점,여성전용,150만원,48만원,2인실
라다팰리스,사회적주택(개봉동) 501호-2,성별무관,300만원,29만원,1인실
Calm&Mood,온수 17호점,여성전용,100만원,36만원,1인실
모던 하우스,천호점,여성전용,200만원,39만원,1인실
자몽 셰어하우스,연신내점,여성전용,300만원,29만원,1인실
Calm&Mood,DMC(구산) 22호점,여성전용,500만원,42만원,1인실
MK코하우징,연희점,남성전용,100만원,50만원,1인실
공상가,연세 1호점,남성전용,110만원,55만원,1인실
공상가,연세 2호점,여성전용,78만원,39만원,2인실
스테이 펠릭스,충무로역점,성별무관,30만원,60만원,1인실
MR. HOMES,홈즈스튜디오 원효로점,여성전용,60만원,60만원,1인실
장안생활,장한평점,여성전용,1000만원,47만원,1인실
Calm&Mood,방배 23호점,여성전용,200만원,51만원,1인실
휴애락,건대점,여성전용,150만원,48만원,2인실
라다팰리스,사회적주택(개봉동) 502호-1,성별무관,300만원,25만원,1인실
Calm&Mood,온수 17호점,여성전용,100만원,35만원,1인실
모던 하우스,천호점,여성전용,200만원,41만원,1인실
자몽 셰어하우스,연신내점,여성전용,300만원,28만원,1인실
Calm&Mood,DMC(구산) 22호점,여성전용,500만원,49만원,1인실
MK코하우징,연희점,남성전용,100만원,50만원,1인실
공상가,연세 1호점,남성전용,110만원,55만원,1인실
공상가,연세 2호점,여성전용,78만원,39만원,2인실
스테이 펠릭스,충무로역점,성별무관,30만원,60만원,1인실
MR. HOMES,홈즈스튜디오 원효로점,여성전용,60만원,60만원,1인실
장안생활,장한평점,여성전용,1000만원,47만원,1인실
Calm&Mood,방배 23호점,여성전용,200만원,49만원,1인실
휴애락,건대점,남성전용,150만원,43만원,2인실
라다팰리스,사회적주택(개봉동) 502호-2,성별무관,300만원,22만원,1인실
Calm&Mood,온수 17호점,여성전용,100만원,37만원,1인실
자몽 셰어하우스,연신내점,여성전용,300만원,28만원,1인실
Calm&Mood,DMC(구산) 22호점,여성전용,500만원,50만원,1인실
MK코하우징,연희점,남성전용,100만원,50만원,1인실
공상가,연세 1호점,여성전용,78만원,39만원,2인실
공상가,연세 2호점,여성전용,78만원,39만원,2인실
스테이 펠릭스,충무로역점,성별무관,30만원,60만원,1인실
MR. HOMES,홈즈스튜디오 원효로점,여성전용,60만원,60만원,1인실
장안생활,장한평점,여성전용,1000만원,52만원,1인실
Calm&Mood,방배 23호점,여성전용,200만원,49만원,1인실
휴애락,건대점,여성전용,150만원,45만원,3인실
Calm&Mood,온수 17호점,여성전용,100만원,34만원,1인실
자몽 셰어하우스,연신내점,여성전용,300만원,28만원,1인실
Calm&Mood,DMC(구산) 22호점,여성전용,500만원,37만원,1인실
MK코하우징,연희점,여성전용,330만원,55만원,1인실
공상가,연세 1호점,여성전용,78만원,39만원,2인실
공상가,연세 2호점,여성전용,78만원,39만원,2인실
스테이 펠릭스,충무로역점,성별무관,30만원,60만원,1인실
장안생활,장한평점,성별무관,8000만원,0만원,1인실
Calm&Mood,방배 23호점,여성전용,200만원,51만원,1인실
Calm&Mood,온수 17호점,여성전용,100만원,37만원,1인실
자몽 셰어하우스,연신내점,여성전용,300만원,28만원,1인실
Calm&Mood,DMC(구산) 22호점,여성전용,500만원,41만원,1인실
MK코하우징,연희점,여성전용,300만원,48만원,1인실
공상가,연세 1호점,여성전용,74만원,37만원,2인실
공상가,연세 2호점,남성전용,78만원,39만원,2인실
스테이 펠릭스,충무로역점,성별무관,30만원,60만원,1인실
장안생활,장한평점,성별무관,1000만원,47만원,1인실
Calm&Mood,방배 23호점,여성전용,200만원,51만원,1인실
Calm&Mood,온수 17호점,여성전용,300만원,39만원,1인실
자몽 셰어하우스,연신내점,여성전용,300만원,29만원,1인실
Calm&Mood,DMC(구산) 22호점,여성전용,500만원,45만원,1인실
MK코하우징,연희점,성별무관,50만원,50만원,1인실
공상가,연세 1호점,남성전용,80만원,40만원,2인실
공상가,연세 2호점,남성전용,78만원,39만원,2인실
스테이 펠릭스,충무로역점,성별무관,30만원,60만원,1인실
장안생활,장한평점,성별무관,1000만원,47만원,1인실
Calm&Mood,방배 23호점,여성전용,200만원,49만원,1인실
Calm&Mood,온수 17호점,여성전용,300만원,35만원,1인실
자몽 셰어하우스,연신내점,여성전용,300만원,29만원,1인실
MK코하우징,연희점,여성전용,0만원,50만원,1인실
공상가,연세 1호점,남성전용,80만원,40만원,2인실
공상가,연세 2호점,여성전용,78만원,39만원,2인실
스테이 펠릭스,충무로역점,성별무관,30만원,60만원,1인실
장안생활,장한평점,성별무관,1000만원,52만원,1인실
Calm&Mood,방배 23호점,여성전용,200만원,47만원,1인실
Calm&Mood,온수 17호점,여성전용,300만원,39만원,1인실
자몽 셰어하우스,연신내점,여성전용,300만원,28만원,1인실
MK코하우징,연희점,여성전용,100만원,50만원,1인실
공상가,연세 1호점,남성전용,80만원,40만원,2인실
공상가,연세 2호점,남성전용,78만원,39만원,2인실
장안생활,장한평점,성별무관,1000만원,52만원,1인실
Calm&Mood,방배 23호점,여성전용,200만원,51만원,1인실
Calm&Mood,온수 17호점,여성전용,300만원,37만원,1인실
자몽 셰어하우스,연신내점,여성전용,300만원,28만원,1인실
MK코하우징,연희점,남성전용,100만원,50만원,1인실
공상가,연세 2호점,남성전용,78만원,39만원,2인실
장안생활,장한평점,성별무관,1000만원,47만원,1인실
Calm&Mood,방배 23호점,여성전용,200만원,49만원,1인실
Calm&Mood,온수 17호점,여성전용,300만원,33만원,1인실
자몽 셰어하우스,연신내점,여성전용,300만원,28만원,1인실
MK코하우징,연희점,남성전용,100만원,50만원,1인실
공상가,연세 2호점,남성전용,78만원,39만원,2인실
장안생활,장한평점,성별무관,1000만원,47만원,1인실
Calm&Mood,방배 23호점,여성전용,200만원,49만원,1인실
Calm&Mood,온수 17호점,여성전용,200만원,33만원,1인실
자몽 셰어하우스,연신내점,여성전용,300만원,28만원,1인실
MK코하우징,연희점,남성전용,300만원,50만원,1인실
공상가,연세 2호점,남성전용,88만원,44만원,2인실
장안생활,장한평점,성별무관,9000만원,0만원,1인실
Calm&Mood,방배 23호점,여성전용,200만원,49만원,1인실
Calm&Mood,온수 17호점,남성전용,100만원,33만원,1인실
자몽 셰어하우스,연신내점,여성전용,300만원,29만원,1인실
MK코하우징,연희점,여성전용,100만원,50만원,1인실
공상가,연세 2호점,남성전용,78만원,39만원,2인실
장안생활,장한평점,성별무관,8000만원,0만원,1인실
Calm&Mood,방배 23호점,여성전용,200만원,48만원,1인실
자몽 셰어하우스,연신내점,여성전용,300만원,28만원,1인실
공상가,연세 2호점,남성전용,78만원,39만원,2인실
장안생활,장한평점,성별무관,1000만원,47만원,1인실
Calm&Mood,방배 23호점,여성전용,200만원,48만원,1인실
자몽 셰어하우스,연신내점,여성전용,300만원,28만원,1인실
공상가,연세 2호점,여성전용,78만원,39만원,2인실
장안생활,장한평점,성별무관,1000만원,47만원,1인실
Calm&Mood,방배 23호점,여성전용,200만원,49만원,1인실
공상가,연세 2호점,여성전용,78만원,39만원,2인실
장안생활,장한평점,성별무관,1000만원,52만원,1인실
Calm&Mood,방배 23호점,여성전용,200만원,49만원,1인실
공상가,연세 2호점,여성전용,78만원,39만원,2인실
장안생활,장한평점,성별무관,1000만원,52만원,1인실
Calm&Mood,방배 23호점,여성전용,200만원,54만원,1인실
장안생활,장한평점,성별무관,1000만원,47만원,1인실
장안생활,장한평점,성별무관,9000만원,0만원,1인실
동거동락,29B 연대동문점,여성전용,123만원,51만원,1인실
동거동락,29A 연대동문점,여성전용,106만원,43만원,2인실
노란숲,혜화 성균관대점,여성전용,100만원,55만원,1인실
별빛하우스,201 증산동점,여성전용,80만원,40만원,1인실
별빛하우스,101 증산동점,여성전용,70만원,35만원,1인실
조이쉐어하우스,대학로점,여성전용,90만원,45만원,1인실
우주,71호점,여성전용,96만원,38만원,1인실
동거동락,31B호점,여성전용,116만원,50만원,1인실
마주봄 쉐어하우스,아현 1호점,여성전용,100만원,48만원,1인실
넘버원 쉐어하우스,이대점,여성전용,100만원,35만원,2인실
MAKE901S 쉐어하우스,이대역점,여성전용,90만원,33만원,3인실
토닥토닥 쉐어하우스,이대점,여성전용,100만원,43만원,2인실
아띠 쉐어빌리지,그림하우스 RoomA,여성전용,50만원,48만원,1인실
플레몬 쉐어하우스,21호점,여성전용,50만원,50만원,1인실
플레몬 쉐어하우스,3호점,성별무관,30만원,60만원,1인실
럭키하우스(Lucky House),2호 홍대점,여성전용,100만원,55만원,1인실
럭키하우스(Lucky House),3호 연남점,여성전용,40만원,40만원,1인실
아띠 쉐어빌리지,여신하우스 신촌점,성별무관,50만원,43만원,1인실
Joie de (쥬아드)셰어하우스,신촌점,남성전용,43만원,43만원,1인실
플레몬 쉐어하우스,18호점,성별무관,50만원,55만원,1인실
홍마리오 하우스,서울역점,여성전용,70만원,36만원,1인실
동거동락,22호 홍대입구역점,여성전용,116만원,54만원,1인실
레피네하우스,명동2호점,여성전용,70만원,35만원,2인실
애즈홈 쉐어하우스,3호점,여성전용,100만원,50만원,1인실
플레몬 쉐어하우스,7호점,남성전용,30만원,52만원,1인실
애즈홈 쉐어하우스,1호점,여성전용,100만원,50만원,1인실
The Knot(더 노트),홍대점,여성전용,90만원,48만원,1인실
아띠 쉐어빌리지,앙디 하우스 RoomB,남성전용,50만원,36만원,2인실
자다,브라운 서울역점,여성전용,78만원,39만원,3인실
포근해 쉐어하우스,홍대점,여성전용,35만원,34만원,2인실
바다,서강대앞집 Room A (2인실),여성전용,98만원,49만원,2인실
더원 쉐어하우스,공덕역점,여성전용,150만원,51만원,1인실
짱가,남산점,남성전용,84만원,42만원,1인실
쉐어하우스 F,마포구청역 1호점,여성전용,72만원,36만원,2인실
동거동락,14호 동국대점,여성전용,94만원,43만원,2인실
바다,합정동집 1호 Room C (1인실),여성전용,94만원,47만원,1인실
더꿈 쉐어하우스,동국대점,여성전용,80만원,39만원,1인실
동거동락,32B호 상수역점,여성전용,131만원,56만원,1인실
홈스케치,합정2호점,여성전용,70만원,35만원,2인실
남산 하우스,남산(해방촌)점,여성전용,100만원,33만원,1인실
Joie de (쥬아드)셰어하우스,망원 2호점,남성전용,50만원,37만원,2인실
소담 쉐어하우스,효창 숙대입구점,여성전용,55만원,50만원,1인실
마주봄 쉐어하우스,합정5호점,여성전용,100만원,45만원,1인실
마주공간 쉐어하우스,합정역점,여성전용,100만원,49만원,1인실
우주,101호점,여성전용,96만원,40만원,2인실
동거동락,20호 약수역점,여성전용,123만원,56만원,1인실
셰어하우스 허브,합정 2호점,여성전용,80만원,38만원,2인실
휘겔리 쉐어하우스,망원동점,여성전용,50만원,50만원,1인실
아리움 쉐어하우스,고대점,여성전용,76만원,38만원,1인실
가치살자 쉐어하우스,고려대역 1호점,여성전용,100만원,35만원,2인실
동거동락,7호 제기동점,남성전용,66만원,29만원,2인실
플레몬 쉐어하우스,28호점,성별무관,50만원,45만원,1인실
플레몬 쉐어하우스,27호점,성별무관,45만원,45만원,1인실
굿밤a+,청량리역점,여성전용,100만원,32만원,2인실
플레몬 쉐어하우스,15호점,여성전용,30만원,45만원,2인실
루나스테이 쉐어하우스,경희대점,여성전용,100만원,43만원,2인실
공간이음,경희대점,여성전용,100만원,45만원,1인실
메종드이문,이문 1호점,여성전용,150만원,45만원,2인실
메종드이문,메종드이문2호점,여성전용,0만원,0만원,1인실
양드레하우스,시립대점,여성전용,100만원,39만원,3인실
에이블하우스,회기 6호점,여성전용,300만원,30만원,4인실
동거동락,9호 중앙대점,여성전용,94만원,43만원,2인실
동거동락,2호 중앙대점,남성전용,102만원,48만원,1인실
쉐어하우스 리시안,중앙대 1호 Room C,여성전용,100만원,49만원,1인실
동거동락,18호 회기역점,여성전용,98만원,45만원,1인실
홈스케치,외대1호점,성별무관,76만원,38만원,2인실
도란도란,외대점,여성전용,100만원,45만원,1인실
에이블하우스,성수 1호점,남성전용,300만원,43만원,2인실
아띠 쉐어빌리지,바우 하우스 RoomC,성별무관,50만원,36만원,2인실
지붕,태릉입구역점,여성전용,50만원,29만원,4인실
바다,문래동집 1호 Room A (1인실),여성전용,114만원,57만원,1인실
지붕,태릉입구3호점,여성전용,50만원,36만원,2인실
셰어하우스 스토리,셰어 스토리 : 태릉역점,여성전용,100만원,39만원,1인실
쉐어하우스 티움,반포점,여성전용,110만원,55만원,1인실
동거동락,4호 신사점,여성전용,86만원,40만원,3인실
GROUND 쉐어하우스,강남 Room A,여성전용,100만원,39만원,4인실
더원 쉐어하우스,신도림점,여성전용,150만원,53만원,1인실
에이블하우스,성수 3호점,남성전용,300만원,43만원,2인실
쉐어하우스 미인,논현점,여성전용,80만원,40만원,2인실
우주,91호점,여성전용,114만원,49만원,1인실
달빛 쉐어하우스,학동역점,여성전용,40만원,33만원,2인실
양드레하우스,강남점,여성전용,100만원,49만원,1인실
팸하우스,세종대 4호점,여성전용,100만원,39만원,2인실
동거동락,19호 서울대입구점,여성전용,94만원,43만원,2인실
동거동락,21호 청담점,여성전용,115만원,52만원,1인실
쉐어하우스 STAY,건대입구점,여성전용,100만원,43만원,1인실
웨이브 쉐어하우스,건대 2호점,여성전용,42만원,42만원,1인실
우주,29호점,여성전용,92만원,38만원,2인실
우주,63호점,여성전용,114만원,49만원,1인실
The Twenties (20S),망우점,여성전용,56만원,28만원,2인실
이든 쉐어하우스,청담역점,여성전용,100만원,46만원,2인실
우주,31호점,여성전용,86만원,35만원,2인실
웨이브 쉐어하우스,건대 1호점,여성전용,37만원,37만원,2인실
동거동락,11호 서울대점,여성전용,103만원,48만원,1인실
쉐어하우스 리시안,사당역 3호(오픈) Room A,여성전용,100만원,43만원,2인실
양드레하우스,군자2호점,여성전용,100만원,33만원,2인실
동거동락,30호점,여성전용,121만원,51만원,1인실
양드레하우스,역삼점,여성전용,100만원,45만원,2인실
양드레하우스,강남그랜드점,여성전용,100만원,46만원,1인실
아띠 쉐어빌리지,핑크하우스 Room A,성별무관,50만원,48만원,1인실
마주봄 쉐어하우스,양재2호점,여성전용,100만원,28만원,3인실
AUTHOR’S HOUSE,AUTHORS HOUSE 2 4인실,여성전용,27만원,27만원,2인실
구름,백석역점,여성전용,50만원,40만원,1인실
양드레하우스,송파2호점,여성전용,100만원,53만원,1인실
양드레하우스,석촌점,여성전용,100만원,49만원,1인실
링스하우스,가톨릭대점,여성전용,100만원,36만원,2인실
아띠 쉐어빌리지,홍네하우스 홍제점,남성전용,50만원,39만원,1인실
동거동락,17호 경복궁역점,여성전용,111만원,51만원,1인실
달램쉐어하우스,홍대입구3호점,여성전용,50만원,33만원,1인실
동거동락,29B 연대동문점,여성전용,125만원,52만원,1인실
동거동락,29A 연대동문점,여성전용,122만원,51만원,1인실
노란숲,혜화 성균관대점,여성전용,150만원,48만원,2인실
별빛하우스,201 증산동점,여성전용,80만원,35만원,1인실
별빛하우스,101 증산동점,여성전용,70만원,35만원,1인실
별빛하우스,301 증산동점,여성전용,70만원,32만원,1인실
홈스케치,연희점,성별무관,90만원,45만원,1인실
노란숲,혜화 성대입구점,여성전용,150만원,48만원,1인실
홈스케치,아현1호점,여성전용,90만원,48만원,1인실
우주,71호점,여성전용,94만원,37만원,1인실
동거동락,31D호점,여성전용,114만원,49만원,1인실
동거동락,31B호점,여성전용,116만원,50만원,1인실
하우스로그,아현 1호점,여성전용,70만원,35만원,2인실
마주봄 쉐어하우스,아현 1호점,여성전용,100만원,38만원,2인실
조이쉐어하우스,이대점,여성전용,86만원,43만원,1인실
넘버원 쉐어하우스,이대점,여성전용,100만원,45만원,1인실
하우스로그,아현 2호점,여성전용,80만원,40만원,1인실
MAKE901S 쉐어하우스,이대역점,여성전용,120만원,42만원,2인실
토닥토닥 쉐어하우스,이대점,여성전용,100만원,53만원,1인실
아띠 쉐어빌리지,그림하우스 RoomB,여성전용,50만원,46만원,1인실
럭키하우스(Lucky House),럭키 신촌점,여성전용,100만원,50만원,1인실
플레몬 쉐어하우스,21호점,여성전용,50만원,52만원,1인실
플레몬 쉐어하우스,22호점,성별무관,50만원,45만원,1인실
홈스케치,이대2호점,성별무관,96만원,48만원,1인실
플레몬 쉐어하우스,3호점,성별무관,30만원,50만원,2인실
노란숲,혜화 낙산공원점,여성전용,100만원,48만원,1인실
럭키하우스(Lucky House),2호 홍대점,여성전용,94만원,47만원,1인실
디어(Dear) 쉐어하우스,홍대점,여성전용,52만원,48만원,1인실
스테이영 쉐어하우스,홍대신촌점,여성전용,32만원,32만원,2인실
럭키하우스(Lucky House),3호 연남점,여성전용,43만원,43만원,1인실
STORYHOUSE,신촌점,여성전용,51만원,51만원,1인실
아띠 쉐어빌리지,소녀하우스 RoomD,여성전용,50만원,37만원,2인실
아띠 쉐어빌리지,여신하우스 신촌점,남성전용,50만원,28만원,2인실
Joie de (쥬아드)셰어하우스,신촌점,남성전용,30만원,30만원,2인실
홍마리오 하우스,이대역점,여성전용,70만원,38만원,2인실
홈스케치,홍대1호점,성별무관,86만원,43만원,1인실
윤쉐어하우스,연남점,여성전용,78만원,39만원,2인실
플레몬 쉐어하우스,18호점,성별무관,30만원,40만원,2인실
아띠 쉐어빌리지,무드하우스 RoomB,여성전용,50만원,33만원,2인실
홍마리오 하우스,서울역점,여성전용,70만원,39만원,1인실
피츠 쉐어하우스,연남동 1호점,여성전용,47만원,47만원,1인실
동거동락,22호 홍대입구역점,여성전용,112만원,51만원,1인실
레피네하우스,명동2호점,여성전용,100만원,48만원,1인실
레피네하우스,명동3호점,여성전용,100만원,50만원,1인실
애즈홈 쉐어하우스,3호점,여성전용,70만원,35만원,2인실
플레몬 쉐어하우스,7호점,남성전용,30만원,45만원,1인실
애즈홈 쉐어하우스,1호점,여성전용,90만원,45만원,1인실
아띠 쉐어빌리지,아이유하우스 서울역점,남성전용,50만원,36만원,2인실
바다,DMC : 2호 B Room,여성전용,100만원,40만원,1인실
수수하우스 (SUSUHOUSE),연남점,여성전용,100만원,28만원,2인실
달램쉐어하우스,성신여대점,여성전용,50만원,34만원,1인실
하우스로그,안암5호점,여성전용,88만원,44만원,1인실
The Knot(더 노트),홍대점,여성전용,90만원,48만원,1인실
에이블하우스,신촌 1호점,여성전용,300만원,33만원,4인실
아띠 쉐어빌리지,앙디 하우스 RoomC,여성전용,50만원,32만원,2인실
자다,브라운 서울역점,여성전용,86만원,43만원,2인실
동거동락,25호 공덕점,여성전용,125만원,53만원,1인실
동거동락,5호 서울역점,여성전용,114만원,54만원,1인실
라온 쉐어하우스,돈암점,여성전용,5만원,35만원,2인실
포근해 쉐어하우스,홍대점,여성전용,44만원,44만원,1인실
GROUND 쉐어하우스,홍대 05 B room,여성전용,100만원,48만원,2인실
GROUND 쉐어하우스,홍대 A room,여성전용,80만원,39만원,4인실
하늘,수유역1호점,여성전용,50만원,35만원,1인실
하우스로그,안암 3호점,여성전용,88만원,44만원,1인실
바다,상암동 DMC 집 D Room,여성전용,110만원,55만원,1인실
바다,서강대앞집 Room B (2인실),여성전용,88만원,44만원,2인실
더원 쉐어하우스,공덕역점,여성전용,150만원,53만원,1인실
쉐어하우스 플라이데어,마포구청역점,여성전용,80만원,40만원,2인실
민우 쉐어하우스,동국대점,남성전용,92만원,48만원,1인실
디어(Dear) 쉐어하우스,합정점,여성전용,50만원,48만원,1인실
쉐어하우스 F,마포구청역 1호점,여성전용,98만원,49만원,1인실
쉐어하우스 STAY,숙대입구점,여성전용,100만원,35만원,2인실
함께꿈꾸는마을,남산소월02 Room D,남성전용,80만원,40만원,2인실
플레몬 쉐어하우스,4호점,성별무관,50만원,45만원,1인실
애플트리 쉐어하우스,미아사거리역 1호점,여성전용,50만원,37만원,1인실
달램쉐어하우스,성신대고대2호점,여성전용,600만원,29만원,1인실
동거동락,14호 동국대점,여성전용,110만원,51만원,1인실
우주,54호점,여성전용,96만원,40만원,2인실
함께꿈꾸는마을,남산소월04 Room A,여성전용,104만원,52만원,1인실
바다,합정동집 3호 Room B (1인실),여성전용,110만원,55만원,1인실
바다,합정동집 1호 Room B (1인실),여성전용,98만원,49만원,1인실
하우스서울,서교망원점,여성전용,96만원,48만원,1인실
애플트리 쉐어하우스,합정점,여성전용,45만원,45만원,1인실
STORYHOUSE,코알라 Room 2,여성전용,49만원,49만원,1인실
더꿈 쉐어하우스,동국대점,여성전용,80만원,39만원,1인실
동거동락,32B호 상수역점,여성전용,124만원,52만원,1인실
동거동락,32A호 상수역점,여성전용,109만원,44만원,2인실
애플트리 쉐어하우스,미아사거리역 2호점,남성전용,50만원,29만원,2인실
자다,세인트 숙대2호점,여성전용,88만원,44만원,2인실
자다,세인트 숙대1호점,여성전용,88만원,44만원,2인실
홈스케치,합정2호점,여성전용,90만원,45만원,1인실
남산 하우스,남산(해방촌)점,여성전용,100만원,35만원,1인실
Joie de (쥬아드)셰어하우스,망원 2호점,남성전용,50만원,45만원,1인실
셰어하우스 THE PLANET,망원점,여성전용,50만원,35만원,2인실
쉐어하우스 비비,마포 공덕점,여성전용,70만원,35만원,2인실
소담 쉐어하우스,효창 숙대입구점,여성전용,52만원,47만원,1인실
마주공간 쉐어하우스,고려대(안암)점,여성전용,100만원,44만원,1인실
캑터스 하우스,망원2호점,여성전용,44만원,44만원,1인실
마주봄 쉐어하우스,합정4호점,여성전용,100만원,45만원,1인실
마주봄 쉐어하우스,합정5호점,여성전용,100만원,47만원,1인실
마주공간 쉐어하우스,합정역점,여성전용,80만원,37만원,2인실
쉐어하우스 F,합정점,여성전용,50만원,45만원,1인실
마주봄 쉐어하우스,합정3호점,여성전용,100만원,43만원,1인실
우주,101호점,여성전용,118만원,53만원,1인실
플레몬 쉐어하우스,16호점,여성전용,50만원,47만원,1인실
동거동락,20호 약수역점,여성전용,115만원,52만원,1인실
셰어하우스 허브,합정 1호점,여성전용,100만원,49만원,1인실
셰어하우스 허브,합정 2호점,여성전용,100만원,46만원,1인실
휘겔리 쉐어하우스,망원동점,여성전용,50만원,43만원,2인실
달램쉐어하우스,고려대7호점,여성전용,800만원,29만원,1인실
홈스케치,이태원2호점,성별무관,76만원,38만원,2인실
아리움 쉐어하우스,고대점,여성전용,60만원,30만원,3인실
가치살자 쉐어하우스,고려대역 1호점,여성전용,100만원,45만원,1인실
셰어하우스 인연,고대점,여성전용,47만원,47만원,2인실
동거동락,7호 제기동점,남성전용,90만원,41만원,1인실
홈스케치,고려대점,성별무관,76만원,38만원,2인실
플레몬 쉐어하우스,28호점,성별무관,50만원,55만원,1인실
플레몬 쉐어하우스,27호점,성별무관,55만원,55만원,1인실
쉐어하우스 힐링,이태원점,성별무관,0만원,42만원,1인실
굿밤a+,청량리역점,여성전용,100만원,45만원,1인실
플레몬 쉐어하우스,15호점,여성전용,30만원,45만원,2인실
루나스테이 쉐어하우스,경희대점,여성전용,100만원,50만원,1인실
조이쉐어하우스,당산점,여성전용,90만원,45만원,1인실
공간이음,경희대점,여성전용,100만원,40만원,2인실
에이블하우스,왕십리 1호점,여성전용,300만원,43만원,2인실
메종드이문,이문 1호점,여성전용,150만원,45만원,2인실
메종드이문,메종드이문2호점,여성전용,150만원,45만원,2인실
하늘,광운대역점,여성전용,30만원,25만원,2인실
에이블하우스,왕십리 4호점,여성전용,300만원,45만원,2인실
하늘,광운대역2호점,여성전용,50만원,35만원,2인실
우주,47호점,여성전용,94만원,39만원,2인실
에이블하우스,회기 7호점,여성전용,300만원,41만원,2인실
양드레하우스,시립대점,여성전용,100만원,53만원,1인실
에이블하우스,회기 6호점,여성전용,300만원,36만원,2인실
우주,78호점,여성전용,94만원,39만원,2인실
우주,52호점,여성전용,98만원,41만원,2인실
함께꿈꾸는마을,동대문TEN Room A,여성전용,60만원,30만원,4인실
동거동락,9호 중앙대점,여성전용,112만원,52만원,1인실
동거동락,2호 중앙대점,남성전용,90만원,43만원,2인실
쉐어하우스 리시안,중앙대 1호 Room A,여성전용,100만원,52만원,1인실
동거동락,18호 회기역점,여성전용,101만원,46만원,1인실
홈스케치,외대2호점,성별무관,90만원,45만원,1인실
우리별 포디하우스,등촌별 3 룸2,남성전용,100만원,32만원,1인실
동거동락,16호 광운대점,여성전용,91만원,41만원,1인실
도란도란,외대점,여성전용,100만원,33만원,2인실
에이블하우스,성수 1호점,남성전용,300만원,53만원,1인실
아띠 쉐어빌리지,바우 하우스 RoomA,성별무관,50만원,51만원,1인실
우주,65호점,여성전용,107만원,48만원,2인실
우주,66호점,여성전용,118만원,51만원,1인실
쉐어하우스 STAY,상도점,여성전용,100만원,37만원,2인실
지붕,태릉입구역점,여성전용,50만원,33만원,2인실
플레몬 쉐어하우스,5호점,여성전용,50만원,32만원,2인실
바다,문래동집 1호 Room C (1인실),여성전용,100만원,50만원,1인실
커먼타운,압구정229 Room F,여성전용,300만원,69만원,2인실
홈스케치,장안점,성별무관,100만원,50만원,1인실
지붕,태릉입구3호점,여성전용,50만원,32만원,2인실
우주,45호점,여성전용,116만원,50만원,1인실
셰어하우스 스토리,셰어 스토리 : 태릉역점,여성전용,100만원,27만원,2인실
쉐어하우스 티움,반포점,여성전용,100만원,55만원,1인실
우주,81호점,여성전용,80만원,32만원,2인실
동거동락,4호 신사점,여성전용,112만원,53만원,1인실
더핑크브릭,서울과기대점,여성전용,100만원,50만원,1인실
더원 쉐어하우스,신도림점,여성전용,100만원,45만원,1인실
동거동락,8호 논현점,여성전용,0만원,0만원,1인실
에이블하우스,성수 3호점,남성전용,300만원,45만원,2인실
달램쉐어하우스,논현4호점,여성전용,600만원,34만원,1인실
쉐어하우스 미인,논현점,여성전용,85만원,42만원,2인실
달램쉐어하우스,관악점,여성전용,600만원,24만원,1인실
달램쉐어하우스,신논현역점,남성전용,50만원,25만원,2인실
우주,90호점,여성전용,94만원,39만원,1인실
우주,91호점,여성전용,110만원,47만원,1인실
달빛 쉐어하우스,학동역점,여성전용,80만원,45만원,1인실
양드레하우스,강남점,여성전용,100만원,43만원,1인실
마주공간 쉐어하우스,강남(학동)점,여성전용,80만원,40만원,2인실
양드레하우스,신논현점,여성전용,100만원,40만원,2인실
양드레하우스,신논현2호점,여성전용,100만원,53만원,1인실
동거동락,10호 건국대점,여성전용,92만원,42만원,2인실
양드레하우스,강남2호점,여성전용,100만원,60만원,1인실
동거동락,19호 서울대입구점,여성전용,110만원,41만원,1인실
쉐어하우스 STAY,건대입구점,여성전용,100만원,43만원,1인실
웨이브 쉐어하우스,건대 2호점,여성전용,37만원,37만원,2인실
쉐어하우스 리시안,이수역 1호 Room A,여성전용,100만원,48만원,1인실
네잎클로버 하우스,투미닛_봉천역 1인실(스페셜),여성전용,94만원,47만원,1인실
그린,엔틱 하우스 ROOM 2,여성전용,100만원,47만원,1인실
그래,군자 대학가점,남성전용,110만원,45만원,1인실
우주,29호점,여성전용,108만원,46만원,1인실
우주,32호점,남성전용,112만원,48만원,1인실
스테이영 쉐어하우스,서울대입구점,여성전용,100만원,55만원,1인실
동거동락,15호 서울대입구역점,여성전용,110만원,49만원,2인실
셰어하우스 쉼,봉천역점,여성전용,50만원,39만원,2인실
달램쉐어하우스,신대방점,여성전용,300만원,20만원,2인실
품안의 새,쎄라픽_봉천역 Room ImL,여성전용,90만원,45만원,1인실
에이블하우스,관악 2호점,여성전용,300만원,53만원,1인실
에이블하우스,관악 4호점,여성전용,300만원,53만원,1인실
The Twenties (20S),망우점,여성전용,52만원,26만원,4인실
이든 쉐어하우스,청담역점,여성전용,100만원,45만원,2인실
우주,30호점,여성전용,106만원,45만원,1인실
우주,31호점,여성전용,82만원,33만원,2인실
우주,33호점,여성전용,92만원,38만원,2인실
에이블하우스,관악 3호점,여성전용,300만원,53만원,1인실
올리브 쉐어하우스,신림역 1호점,여성전용,90만원,43만원,1인실
웨이브 쉐어하우스,건대 1호점,여성전용,42만원,42만원,1인실
지붕,뚝섬유원지역점,여성전용,50만원,37만원,2인실
동거동락,23호 서울대입구역점,여성전용,106만원,45만원,2인실
설렘 쉐어하우스,신림역점,여성전용,84만원,42만원,2인실
행복하셰어,역삼점,여성전용,100만원,41만원,2인실
동거동락,6호 군자점,여성전용,105만원,49만원,1인실
동거동락,11호 서울대점,여성전용,92만원,42만원,2인실
세기 하우스,봉천점,여성전용,70만원,32만원,2인실
쉐어하우스 리시안,사당역 3호(오픈) Room C,여성전용,100만원,50만원,1인실
양드레하우스,군자2호점,여성전용,100만원,50만원,1인실
쉐어하우스 STAY,건대1호점,여성전용,100만원,33만원,2인실
방배웰빙쉐어하우스,사당역 2호점,여성전용,70만원,45만원,1인실
동거동락,30호점,여성전용,111만원,46만원,1인실
동거동락,28C 방배점,여성전용,119만원,51만원,1인실
동거동락,28A 방배점,남성전용,118만원,51만원,1인실
양드레하우스,역삼점,여성전용,100만원,57만원,1인실
양드레하우스,강남그랜드점,여성전용,150만원,52만원,1인실
아띠 쉐어빌리지,핑크하우스 Room C,남성전용,50만원,36만원,2인실
마주봄 쉐어하우스,양재2호점,여성전용,100만원,45만원,1인실
AUTHOR’S HOUSE,AUTHORS HOUSE 2 2층침대 2인실,여성전용,34만원,34만원,2인실
애플트리 쉐어하우스,선릉&한티점,남성전용,50만원,45만원,1인실
우주,76호점,여성전용,128만원,56만원,1인실
우주,75호점,남성전용,116만원,50만원,1인실
함께꿈꾸는마을,강남대청 Room C,여성전용,110만원,55만원,1인실
양드레하우스,송파2호점,여성전용,100만원,35만원,2인실
양드레하우스,석촌점,여성전용,100만원,53만원,1인실
링스하우스,가톨릭대점,여성전용,100만원,38만원,1인실
함께꿈꾸는마을,송파문정마을 ROOM D,여성전용,80만원,40만원,2인실
함께꿈꾸는마을,송파문정마을02 ROOM B,여성전용,104만원,52만원,1인실
아띠 쉐어빌리지,홍네하우스 홍제점,남성전용,50만원,43만원,1인실
한송 셰어하우스,연신내역점,여성전용,60만원,38만원,1인실
동거동락,17호 경복궁역점,여성전용,121만원,56만원,1인실
달램쉐어하우스,홍대입구3호점,여성전용,50만원,39만원,1인실
동거동락,29B 연대동문점,여성전용,122만원,51만원,1인실
동거동락,29A 연대동문점,여성전용,125만원,52만원,1인실
노란숲,혜화 성균관대점,여성전용,100만원,54만원,1인실
별빛하우스,101 증산동점,여성전용,80만원,42만원,1인실
홈스케치,연희점,성별무관,90만원,45만원,1인실
노란숲,혜화 성대입구점,여성전용,150만원,48만원,1인실
동거동락,27호점,여성전용,121만원,51만원,1인실
홈스케치,아현1호점,여성전용,70만원,35만원,2인실
우주,72호점,남성전용,92만원,38만원,1인실
조이쉐어하우스,대학로점,여성전용,76만원,38만원,1인실
우주,71호점,여성전용,96만원,38만원,1인실
우주,67호점,여성전용,86만원,35만원,1인실
동거동락,31D호점,여성전용,115만원,49만원,1인실
동거동락,31C호점,여성전용,116만원,50만원,1인실
동거동락,31B호점,여성전용,114만원,49만원,1인실
동거동락,31A호점,여성전용,117만원,50만원,1인실
에이블하우스,정릉 1호점,여성전용,100만원,52만원,1인실
하우스로그,아현 1호점,여성전용,90만원,45만원,1인실
마주봄 쉐어하우스,아현 1호점,여성전용,100만원,48만원,1인실
조이쉐어하우스,이대점,여성전용,96만원,48만원,1인실
넘버원 쉐어하우스,이대점,여성전용,100만원,45만원,1인실
온더로드 쉐어하우스,대학로점,여성전용,90만원,36만원,2인실
하우스로그,아현 2호점,여성전용,76만원,38만원,1인실
아띠 쉐어빌리지,그림하우스 RoomC,여성전용,50만원,36만원,2인실
럭키하우스(Lucky House),럭키 신촌점,여성전용,90만원,45만원,1인실
플레몬 쉐어하우스,22호점,성별무관,50만원,60만원,1인실
프리모,신촌이대점,여성전용,90만원,45만원,2인실
바다,연남동 : 2호 E Room,여성전용,110만원,55만원,1인실
홈스케치,이대2호점,성별무관,90만원,45만원,1인실
자다,한성대_성대점,여성전용,98만원,49만원,1인실
STORYHOUSE,낙타점,남성전용,44만원,44만원,1인실
달램쉐어하우스,이대2호점,여성전용,50만원,19만원,2인실
우주,53호점,여성전용,116만원,50만원,1인실
플레몬 쉐어하우스,3호점,성별무관,50만원,45만원,1인실
엘르빌 셰어하우스,연남동점,여성전용,55만원,55만원,1인실
노란숲,혜화 낙산공원점,여성전용,100만원,45만원,1인실
럭키하우스(Lucky House),2호 홍대점,여성전용,96만원,48만원,1인실
디어(Dear) 쉐어하우스,홍대점,여성전용,52만원,48만원,1인실
스테이영 쉐어하우스,홍대신촌점,여성전용,35만원,35만원,2인실
하루 쉐어하우스,신촌점,여성전용,50만원,50만원,1인실
플레몬 쉐어하우스,26호점,성별무관,45만원,45만원,1인실
STORYHOUSE,신촌점,여성전용,50만원,50만원,1인실
아띠 쉐어빌리지,소녀하우스 RoomB,여성전용,100만원,48만원,1인실
아띠 쉐어빌리지,여신하우스 신촌점,여성전용,50만원,27만원,3인실
Joie de (쥬아드)셰어하우스,신촌점,남성전용,45만원,45만원,1인실
엘리맘 쉐어하우스,이대점,여성전용,100만원,45만원,1인실
홍마리오 하우스,이대역점,여성전용,70만원,69만원,1인실
홈스케치,홍대1호점,성별무관,90만원,45만원,1인실
윤쉐어하우스,연남점,여성전용,104만원,52만원,1인실
플레몬 쉐어하우스,18호점,성별무관,30만원,30만원,3인실
아띠 쉐어빌리지,무드하우스 RoomC,여성전용,50만원,32만원,2인실
홍마리오 하우스,서울역점,여성전용,70만원,33만원,1인실
피츠 쉐어하우스,연남동 1호점,여성전용,48만원,48만원,1인실
동거동락,22호 홍대입구역점,여성전용,102만원,46만원,2인실
애즈홈 쉐어하우스,2호점,여성전용,100만원,50만원,1인실
레피네하우스,명동1호점,여성전용,70만원,35만원,2인실
레피네하우스,명동3호점,여성전용,100만원,50만원,1인실
플레몬 쉐어하우스,7호점,남성전용,30만원,40만원,1인실
애즈홈 쉐어하우스,1호점,여성전용,80만원,40만원,2인실
아띠 쉐어빌리지,아이유하우스 서울역점,성별무관,50만원,48만원,1인실
우주,55호점,여성전용,94만원,39만원,2인실
'봄이와 여름이' 쉐어하우스,연남점,여성전용,110만원,51만원,1인실
바다,DMC : 2호 C Room,여성전용,100만원,40만원,1인실
수수하우스 (SUSUHOUSE),연남점,여성전용,100만원,50만원,1인실
달램쉐어하우스,성신여대점,여성전용,300만원,34만원,1인실
하우스로그,안암5호점,여성전용,880만원,44만원,1인실
The Knot(더 노트),홍대점,여성전용,90만원,38만원,2인실
에이블하우스,신촌 1호점,여성전용,300만원,55만원,1인실
외갓집에가자 쉐어하우스,덕성여대점,여성전용,100만원,50만원,1인실
우주,24호점,남성전용,80만원,32만원,3인실
아띠 쉐어빌리지,앙디 하우스 RoomA,성별무관,50만원,46만원,1인실
자다,브라운 서울역점,여성전용,84만원,42만원,2인실
행복하셰어,홍대점,여성전용,45만원,45만원,1인실
동거동락,25호 공덕점,여성전용,126만원,54만원,1인실
아띠 쉐어빌리지,단짠하우스 성신여대점,여성전용,100만원,48만원,1인실
동거동락,5호 서울역점,여성전용,112만원,53만원,1인실
포근해 쉐어하우스,홍대점,여성전용,45만원,45만원,1인실
GROUND 쉐어하우스,홍대 05 A room,여성전용,80만원,39만원,4인실
GROUND 쉐어하우스,홍대 B room,여성전용,100만원,48만원,2인실
하늘,수유역1호점,여성전용,50만원,37만원,1인실
포근해 쉐어하우스,마포구청점,여성전용,47만원,47만원,1인실
하우스로그,안암 3호점,여성전용,80만원,43만원,1인실
바다,상암동 DMC 집 A Room,여성전용,102만원,51만원,1인실
우주,60호점,여성전용,104만원,44만원,2인실
바다,서강대앞집 Room C (1인실),여성전용,110만원,55만원,1인실
더원 쉐어하우스,공덕역점,여성전용,100만원,45만원,1인실
메죵드몽드,안암점,여성전용,80만원,40만원,1인실
민우 쉐어하우스,동국대점,남성전용,80만원,42만원,1인실
우주,64호점,여성전용,124만원,54만원,1인실
동거동락,13호 서울역점,여성전용,114만원,53만원,1인실
디어(Dear) 쉐어하우스,합정점,여성전용,40만원,38만원,2인실
네잎클로버 하우스,원미닛_마포구청역 프리미엄,여성전용,106만원,53만원,1인실
자다,메리골드 후암1호점,여성전용,110만원,55만원,1인실
쉐어하우스 F,마포구청역 1호점,여성전용,104만원,52만원,1인실
함께꿈꾸는마을,남산소월01 Room B,남성전용,94만원,47만원,1인실
쉐어하우스 STAY,숙대입구점,여성전용,100만원,45만원,1인실
함께꿈꾸는마을,남산소월02 Room A,남성전용,98만원,49만원,1인실
플레몬 쉐어하우스,4호점,성별무관,50만원,55만원,1인실
애플트리 쉐어하우스,미아사거리역 1호점,여성전용,50만원,39만원,1인실
달램쉐어하우스,성신대고대2호점,여성전용,1000만원,29만원,1인실
동거동락,14호 동국대점,여성전용,113만원,53만원,1인실
함께꿈꾸는마을,남산소월03 Room C,여성전용,96만원,48만원,1인실
우주,54호점,여성전용,100만원,44만원,2인실
함께꿈꾸는마을,남산소월04 Room D,여성전용,80만원,40만원,2인실
바다,합정동집 3호 Room C (1인실),여성전용,110만원,55만원,1인실
바다,합정동집 1호 Room A (2인실),여성전용,86만원,43만원,2인실
하우스서울,서교망원점,여성전용,90만원,45만원,1인실
아미띠에 쉐어하우스,마포점,여성전용,50만원,50만원,1인실
애플트리 쉐어하우스,합정점,여성전용,45만원,45만원,1인실
더꿈 쉐어하우스,동국대점,여성전용,100만원,47만원,1인실
동거동락,32B호 상수역점,여성전용,109만원,45만원,2인실
애플트리 쉐어하우스,미아사거리역 2호점,남성전용,50만원,36만원,1인실
자다,세인트 숙대2호점,여성전용,78만원,39만원,3인실
자다,세인트 숙대1호점,여성전용,110만원,55만원,1인실
홈스케치,합정1호점,성별무관,90만원,45만원,1인실
홈스케치,합정2호점,여성전용,90만원,45만원,1인실
남산 하우스,남산(해방촌)점,여성전용,50만원,25만원,2인실
Urban square,청파점,여성전용,100만원,51만원,1인실
Joie de (쥬아드)셰어하우스,망원 2호점,남성전용,50만원,45만원,1인실
캑터스 하우스,망원점,남성전용,44만원,44만원,1인실
제인스하우스,공덕점,여성전용,60만원,30만원,3인실
셰어하우스 THE PLANET,망원점,여성전용,100만원,48만원,1인실
우주,56호점,여성전용,92만원,38만원,2인실
쉐어하우스 비비,마포 공덕점,여성전용,70만원,31만원,3인실
소담 쉐어하우스,효창 숙대입구점,여성전용,49만원,44만원,1인실
마주공간 쉐어하우스,고려대(안암)점,여성전용,100만원,35만원,2인실
캑터스 하우스,망원2호점,여성전용,45만원,45만원,1인실
마주봄 쉐어하우스,합정4호점,여성전용,100만원,37만원,1인실
마주봄 쉐어하우스,합정5호점,여성전용,100만원,50만원,1인실
드리밍 셰어하우스,마포구청점,남성전용,46만원,41만원,1인실
마주공간 쉐어하우스,합정역점,여성전용,80만원,39만원,2인실
쉐어하우스 F,합정점,여성전용,50만원,48만원,1인실
홈스케치,합정3호점,성별무관,96만원,48만원,1인실
쉐어하우스 소망,합정점,여성전용,100만원,48만원,1인실
마주봄 쉐어하우스,합정3호점,여성전용,100만원,41만원,1인실
바다,마포동집 Room D,여성전용,110만원,55만원,1인실
우주,101호점,여성전용,108만원,46만원,2인실
플레몬 쉐어하우스,16호점,여성전용,50만원,29만원,1인실
동거동락,20호 약수역점,여성전용,120만원,55만원,1인실
플레몬 쉐어하우스,17호점,성별무관,50만원,42만원,1인실
셰어하우스 허브,합정 1호점,여성전용,100만원,44만원,1인실
셰어하우스 허브,합정 2호점,여성전용,100만원,49만원,1인실
휘겔리 쉐어하우스,망원동점,여성전용,50만원,43만원,2인실
우주,59호점,여성전용,108만원,46만원,1인실
달램쉐어하우스,고려대7호점,여성전용,600만원,24만원,1인실
홈스케치,이태원2호점,성별무관,96만원,48만원,1인실
아리움 쉐어하우스,고대점,여성전용,76만원,38만원,2인실
가치살자 쉐어하우스,고려대역 1호점,여성전용,100만원,45만원,1인실
논스톱쉐어하우스,제기동점,성별무관,40만원,40만원,1인실
셰어하우스 인연,고대점,여성전용,50만원,50만원,1인실
동거동락,7호 제기동점,남성전용,93만원,43만원,1인실
홈스케치,고려대점,성별무관,90만원,45만원,1인실
쉐어하우스 힐링,이태원점,성별무관,0만원,39만원,1인실
굿밤a+,청량리역점,여성전용,100만원,40만원,1인실
바다,당산 한강 집 Room C,여성전용,84만원,42만원,2인실
함께꿈꾸는마을,왕십리행당 Room B,여성전용,80만원,40만원,2인실
플레몬 쉐어하우스,15호점,여성전용,30만원,35만원,4인실
루나스테이 쉐어하우스,경희대점,여성전용,100만원,40만원,2인실
휴먼,경희대점,여성전용,100만원,46만원,1인실
조이쉐어하우스,당산점,여성전용,70만원,35만원,1인실
에이블하우스,왕십리 3호점,여성전용,300만원,55만원,1인실
GROUND 쉐어하우스,왕십리 D room,여성전용,100만원,59만원,1인실
공간이음,경희대점,여성전용,100만원,45만원,1인실
에이블하우스,왕십리 1호점,여성전용,300만원,55만원,1인실
메종드이문,이문 1호점,여성전용,150만원,42만원,3인실
메종드이문,메종드이문2호점,여성전용,150만원,45만원,2인실
더 집 쉐어하우스,왕십리점,여성전용,88만원,44만원,1인실
하늘,광운대역점,여성전용,50만원,35만원,1인실
에이블하우스,왕십리 4호점,여성전용,300만원,45만원,2인실
하늘,광운대역2호점,여성전용,50만원,40만원,1인실
우주,47호점,여성전용,96만원,38만원,2인실
에이블하우스,회기 7호점,여성전용,300만원,41만원,2인실
양드레하우스,시립대점,여성전용,100만원,40만원,2인실
에이블하우스,회기 6호점,여성전용,300만원,45만원,1인실
아띠 쉐어빌리지,브루하우스 영등포구청역점,성별무관,50만원,53만원,1인실
에이블하우스,회기5호점,여성전용,300만원,42만원,2인실
우주,78호점,여성전용,108만원,46만원,2인실
에이블하우스,회기8호점,여성전용,300만원,54만원,1인실
동거동락,12호 외대경희대점,여성전용,114만원,50만원,1인실
우주,52호점,여성전용,88만원,36만원,3인실
함께꿈꾸는마을,동대문TEN Room B,여성전용,74만원,37만원,2인실
동거동락,9호 중앙대점,여성전용,108만원,50만원,1인실
동거동락,2호 중앙대점,남성전용,100만원,47만원,1인실
우주,57호점,여성전용,94만원,39만원,3인실
쉐어하우스 리시안,중앙대 1호 Room B,여성전용,100만원,47만원,1인실
하늘,석계점,여성전용,50만원,35만원,2인실
동거동락,18호 회기역점,여성전용,98만원,45만원,1인실
우리별 포디하우스,등촌별 3 룸1,남성전용,100만원,34만원,1인실
동거동락,16호 광운대점,여성전용,112만원,52만원,1인실
도란도란,외대점,여성전용,100만원,37만원,1인실
에이블하우스,성수 1호점,남성전용,300만원,36만원,3인실
아띠 쉐어빌리지,바우 하우스 RoomB,여성전용,50만원,45만원,1인실
우주,65호점,여성전용,124만원,54만원,1인실
우주,66호점,여성전용,98만원,41만원,2인실
쉐어하우스 STAY,상도점,여성전용,100만원,35만원,2인실
가든 쉐어하우스,태릉입구점,여성전용,80만원,35만원,1인실
지붕,태릉입구역점,여성전용,50만원,41만원,1인실
플레몬 쉐어하우스,5호점,여성전용,50만원,52만원,1인실
바다,문래동집 1호 Room B (2인실),여성전용,84만원,42만원,2인실
커먼타운,압구정229 Room C,여성전용,300만원,64만원,2인실
홈스케치,장안점,성별무관,80만원,37만원,1인실
지붕,태릉입구3호점,여성전용,50만원,42만원,1인실
우주,45호점,여성전용,114만원,49만원,1인실
셰어하우스 스토리,셰어 스토리 : 태릉역점,여성전용,100만원,27만원,2인실
쉐어하우스 티움,반포점,여성전용,0만원,0만원,2인실
우주,81호점,여성전용,92만원,38만원,1인실
모아,문래역점,여성전용,50만원,40만원,2인실
동거동락,4호 신사점,여성전용,106만원,51만원,1인실
GROUND 쉐어하우스,강남 Room D,여성전용,130만원,66만원,1인실
마주공간 쉐어하우스,논현2호점,여성전용,110만원,51만원,1인실
더핑크브릭,서울과기대점,여성전용,100만원,45만원,2인실
더원 쉐어하우스,신도림점,여성전용,150만원,53만원,1인실
동거동락,8호 논현점,여성전용,99만원,46만원,1인실
에이블하우스,성수 3호점,남성전용,300만원,53만원,1인실
품안의 새,인셉션_신대방3거리역 Room ImH,여성전용,80만원,40만원,1인실
쉐어하우스 미인,논현점,여성전용,80만원,40만원,2인실
제인스하우스,신도림점,여성전용,100만원,50만원,1인실
달램쉐어하우스,관악점,여성전용,600만원,27만원,1인실
양드레하우스,논현점,여성전용,100만원,55만원,1인실
쉐어하우스 하슈,서울대입구/숭실대점,성별무관,100만원,50만원,1인실
우주,90호점,여성전용,90만원,37만원,1인실
우주,91호점,여성전용,94만원,39만원,2인실
마주공간 쉐어하우스,강남(학동)점,여성전용,100만원,48만원,1인실
동거동락,24호 신논현점,여성전용,109만원,45만원,1인실
양드레하우스,신논현점,여성전용,100만원,57만원,1인실
양드레하우스,신논현2호점,여성전용,100만원,53만원,1인실
동거동락,10호 건국대점,여성전용,112만원,52만원,1인실
양드레하우스,강남2호점,여성전용,100만원,33만원,2인실
하메 쉐어하우스,목동점,여성전용,100만원,49만원,1인실
동거동락,19호 서울대입구점,여성전용,108만원,50만원,1인실
셰어하우스 쉼,서울대입구역점,여성전용,100만원,52만원,1인실
동거동락,21호 청담점,여성전용,112만원,46만원,1인실
쉐어하우스 STAY,건대입구점,여성전용,100만원,43만원,1인실
쉐어하우스 리시안,이수역 1호 Room C,여성전용,100만원,44만원,1인실
네잎클로버 하우스,투미닛_봉천역 1인실(프리미엄),여성전용,96만원,48만원,1인실
그린,엔틱 하우스 ROOM 1,여성전용,100만원,48만원,1인실
쉐어하우스 이층집,건대역 2호점,여성전용,100만원,46만원,1인실
그린,서울대입구역 2호점,여성전용,100만원,48만원,1인실
JAMI 쉐어하우스,대림점,여성전용,100만원,43만원,1인실
그래,군자 대학가점,남성전용,110만원,45만원,1인실
우주,29호점,여성전용,110만원,47만원,1인실
우주,32호점,남성전용,90만원,37만원,2인실
스테이영 쉐어하우스,서울대입구점,여성전용,50만원,39만원,2인실
동거동락,15호 서울대입구역점,여성전용,120만원,54만원,1인실
그린,서울대입구역점,여성전용,100만원,45만원,1인실
셰어하우스 쉼,봉천역점,여성전용,100만원,52만원,1인실
포그니 쉐어하우스,신림역점,여성전용,35만원,35만원,2인실
달램쉐어하우스,신대방점,여성전용,600만원,27만원,1인실
우주,63호점,여성전용,108만원,46만원,1인실
품안의 새,어번_신림역 Room ImL,여성전용,80만원,40만원,2인실
품안의 새,쎄라픽_봉천역 Room ImQ,여성전용,90만원,45만원,1인실
함께꿈꾸는마을,군자대공원 Room B,여성전용,74만원,37만원,2인실
에이블하우스,관악 2호점,여성전용,300만원,55만원,1인실
에이블하우스,관악 4호점,여성전용,300만원,55만원,1인실
이든 쉐어하우스,청담역점,여성전용,100만원,41만원,3인실
우주,30호점,여성전용,86만원,35만원,2인실
우주,33호점,여성전용,102만원,43만원,2인실
우주,51호점,여성전용,94만원,39만원,2인실
우주,31호점,여성전용,106만원,45만원,1인실
우주,28호점,남성전용,104만원,44만원,1인실
에이블하우스,관악 3호점,여성전용,300만원,55만원,1인실
올리브 쉐어하우스,신림역 1호점,여성전용,90만원,43만원,1인실
지붕,뚝섬유원지역점,여성전용,50만원,42만원,2인실
동거동락,23호 서울대입구역점,여성전용,116만원,50만원,1인실
설렘 쉐어하우스,신림역점,여성전용,92만원,46만원,1인실
행복하셰어,역삼점,여성전용,100만원,53만원,1인실
동거동락,6호 군자점,여성전용,109만원,51만원,1인실
쉐어하우스 리시안,사당역 2호 Room C,여성전용,100만원,52만원,1인실
동거동락,11호 서울대점,여성전용,107만원,50만원,1인실
미카사 하우스,1호 봉천 1인실(1),여성전용,120만원,51만원,1인실
세기 하우스,봉천점,여성전용,80만원,40만원,1인실
쉐어하우스 리시안,사당역 3호(오픈) Room B,여성전용,100만원,52만원,1인실
우주,18호점,여성전용,80만원,33만원,3인실
양드레하우스,군자2호점,여성전용,100만원,52만원,1인실
쉐어하우스 STAY,건대1호점,여성전용,100만원,33만원,2인실
쉐어하우스 루트,방배점,여성전용,100만원,50만원,1인실
방배웰빙쉐어하우스,사당역 2호점,여성전용,70만원,42만원,1인실
양드레하우스,교대점,여성전용,100만원,54만원,1인실
바다,구디(구로디지털)집 D Room,여성전용,100만원,50만원,1인실
연남0123/사당0123,사당0123 2인실,여성전용,70만원,36만원,2인실
동거동락,30호점,여성전용,124만원,52만원,1인실
동거동락,28C 방배점,여성전용,120만원,52만원,1인실
동거동락,28A 방배점,남성전용,121만원,52만원,1인실
동거동락,28B 방배점,여성전용,120만원,52만원,1인실
쉐어하우스 소소한,서초 1호점,여성전용,100만원,43만원,3인실
양드레하우스,역삼점,여성전용,100만원,55만원,1인실
양드레하우스,강남그랜드점,여성전용,150만원,52만원,1인실
아띠 쉐어빌리지,핑크하우스 Room B,성별무관,50만원,46만원,1인실
마주봄 쉐어하우스,양재2호점,여성전용,100만원,47만원,1인실
다락,블랑하우스 Room A,남성전용,50만원,39만원,1인실
애플트리 쉐어하우스,선릉&한티점,남성전용,50만원,45만원,1인실
팸하우스,양재점,여성전용,100만원,46만원,1인실
우주,76호점,여성전용,120만원,52만원,1인실
함께꿈꾸는마을,강남대청 Room B,여성전용,110만원,55만원,1인실
양드레하우스,송파2호점,여성전용,100만원,51만원,1인실
양드레하우스,송파점,여성전용,100만원,53만원,1인실
양드레하우스,석촌점,여성전용,100만원,40만원,2인실
링스하우스,가톨릭대점,여성전용,100만원,43만원,1인실
함께꿈꾸는마을,송파문정마을02 ROOM C,여성전용,104만원,52만원,1인실
라떼의꿈 쉐어하우스,부평점,여성전용,80만원,40만원,1인실
한송 셰어하우스,연신내역점,여성전용,60만원,44만원,1인실
동거동락,17호 경복궁역점,여성전용,97만원,44만원,2인실
동거동락,29B 연대동문점,여성전용,106만원,43만원,2인실
동거동락,29A 연대동문점,여성전용,123만원,51만원,1인실
노란숲,혜화 성대입구점,여성전용,150만원,48만원,1인실
동거동락,33B호점,여성전용,108만원,46만원,1인실
동거동락,27호점,여성전용,119만원,50만원,1인실
우주,72호점,남성전용,84만원,34만원,1인실
조이쉐어하우스,대학로점,여성전용,100만원,50만원,1인실
우주,71호점,여성전용,102만원,43만원,1인실
우주,70호점,남성전용,90만원,37만원,1인실
우주,67호점,여성전용,86만원,35만원,1인실
동거동락,31D호점,여성전용,113만원,48만원,1인실
동거동락,31C호점,여성전용,116만원,50만원,1인실
동거동락,31A호점,여성전용,118만원,51만원,1인실
아띠 쉐어빌리지,팝 하우스 충정로점,남성전용,50만원,35만원,1인실
홈스케치,아현2호점,여성전용,90만원,45만원,1인실
넘버원 쉐어하우스,이대점,여성전용,100만원,45만원,1인실
온더로드 쉐어하우스,대학로점,여성전용,102만원,45만원,1인실
프리모,신촌이대점,여성전용,0만원,0만원,3인실
바다,연남동 : 2호 D Room,여성전용,100만원,50만원,1인실
홈스케치,이대2호점,성별무관,90만원,45만원,1인실
자다,한성대_성대점,여성전용,100만원,50만원,1인실
우주,92호점,여성전용,102만원,43만원,1인실
우주,53호점,여성전용,100만원,42만원,1인실
엘르빌 셰어하우스,연남동점,여성전용,45만원,40만원,2인실
동거동락,3호 연세대점,여성전용,0만원,0만원,1인실
쉐어하우스 보통,아현 3호점,여성전용,110만원,55만원,1인실
하루 쉐어하우스,신촌점,여성전용,48만원,48만원,1인실
바다,상암동 집 Room C,여성전용,90만원,45만원,2인실
플레몬 쉐어하우스,26호점,성별무관,45만원,45만원,1인실
아띠 쉐어빌리지,소녀하우스 RoomC,여성전용,50만원,48만원,1인실
아띠 쉐어빌리지,컬러하우스 창천동점,여성전용,50만원,34만원,2인실
자다,메이플 성신여대점,여성전용,96만원,48만원,1인실
홈스케치,홍대1호점,성별무관,96만원,48만원,1인실
윤쉐어하우스,연남점,여성전용,94만원,47만원,1인실
동거동락,26호 연남동점,여성전용,116만원,49만원,1인실
동거동락,22호 홍대입구역점,여성전용,114만원,52만원,1인실
홈스케치,홍대2호점,성별무관,90만원,45만원,1인실
우주,55호점,여성전용,92만원,36만원,2인실
홈스케치,서강대점,남성전용,90만원,40만원,1인실
동거동락,5호 서울역점,여성전용,92만원,43만원,1인실
바다,상암동 DMC 집 C Room,여성전용,102만원,51만원,1인실
우주,60호점,여성전용,120만원,52만원,1인실
더원 쉐어하우스,공덕역점,여성전용,150만원,59만원,1인실
메죵드몽드,안암점,여성전용,76만원,38만원,2인실
민우 쉐어하우스,동국대점,남성전용,80만원,42만원,1인실
우주,64호점,여성전용,100만원,42만원,2인실
동거동락,13호 서울역점,여성전용,116만원,54만원,1인실
바다,성산동집 201호,성별무관,300만원,55만원,1인실
자다,메리골드 후암1호점,여성전용,84만원,42만원,2인실
쉐어하우스 STAY,숙대입구점,여성전용,100만원,45만원,1인실
함께꿈꾸는마을,남산소월02 Room C,남성전용,98만원,49만원,1인실
동거동락,14호 동국대점,여성전용,117만원,55만원,1인실
함께꿈꾸는마을,남산소월03 Room A,여성전용,96만원,48만원,1인실
더꿈 쉐어하우스,동국대점,여성전용,100만원,49만원,1인실
동거동락,32B호 상수역점,여성전용,121만원,51만원,1인실
자다,세인트 숙대2호점,여성전용,92만원,46만원,1인실
자다,세인트 숙대1호점,여성전용,110만원,55만원,1인실
포레스트(FOR REST),공덕역점,여성전용,120만원,55만원,1인실
Urban square,청파점,여성전용,100만원,51만원,1인실
제인스하우스,공덕점,여성전용,50만원,26만원,4인실
우주,56호점,여성전용,90만원,37만원,2인실
쉐어하우스 비비,마포 공덕점,여성전용,98만원,49만원,1인실
마주공간 쉐어하우스,고려대(안암)점,여성전용,100만원,44만원,1인실
마주봄 쉐어하우스,합정4호점,여성전용,100만원,45만원,1인실
마주봄 쉐어하우스,합정5호점,여성전용,100만원,41만원,1인실
홈스케치,합정3호점,성별무관,96만원,48만원,1인실
마주봄 쉐어하우스,합정3호점,여성전용,100만원,46만원,1인실
청년 쉐어하우스,합정점,남성전용,70만원,70만원,1인실
바다,마포동집 Room E,여성전용,88만원,44만원,2인실
동거동락,20호 약수역점,여성전용,119만원,54만원,1인실
휘겔리 쉐어하우스,망원동점,남성전용,50만원,43만원,2인실
쉐어하우스 하루,고려대점,여성전용,48만원,48만원,1인실
마주봄 쉐어하우스,고대 7호점,여성전용,100만원,50만원,1인실
아리움 쉐어하우스,고대점,여성전용,98만원,49만원,1인실
달램쉐어하우스,고대1호점,여성전용,600만원,29만원,1인실
셰어하우스 인연,고대점,여성전용,55만원,55만원,1인실
동거동락,7호 제기동점,남성전용,101만원,47만원,1인실
홈스케치,고려대점,성별무관,90만원,45만원,1인실
쉐어하우스 힐링,이태원점,성별무관,10만원,33만원,1인실
바다,당산 한강 집 Room D,여성전용,114만원,57만원,1인실
자다,패밀리 한남점,여성전용,76만원,38만원,2인실
조이쉐어하우스,당산점,여성전용,84만원,42만원,1인실
GROUND 쉐어하우스,왕십리 C room,여성전용,100만원,54만원,1인실
공간이음,경희대점,여성전용,100만원,38만원,2인실
메종드이문,메종드이문2호점,여성전용,150만원,53만원,1인실
하늘,광운대역2호점,여성전용,50만원,35만원,2인실
양드레하우스,시립대점,여성전용,100만원,43만원,2인실
우주,78호점,여성전용,102만원,43만원,2인실
동거동락,12호 외대경희대점,여성전용,116만원,51만원,1인실
우주,52호점,여성전용,112만원,48만원,1인실
함께꿈꾸는마을,동대문TEN Room D,여성전용,110만원,55만원,1인실
우주,58호점,여성전용,90만원,37만원,2인실
우주,80호점,여성전용,114만원,49만원,1인실
동거동락,1호 중앙대점,여성전용,106만원,50만원,1인실
동거동락,9호 중앙대점,여성전용,96만원,44만원,2인실
우주,57호점,여성전용,114만원,49만원,1인실
동거동락,18호 회기역점,여성전용,78만원,35만원,2인실
커먼타운,압구정 022 Room B,여성전용,300만원,44만원,4인실
동거동락,16호 광운대점,여성전용,96만원,44만원,1인실
도란도란,외대점,여성전용,100만원,37만원,1인실
쉐어하우스 STAY,상도점,여성전용,100만원,47만원,1인실
가든 쉐어하우스,태릉입구점,여성전용,80만원,35만원,1인실
제인스하우스,문래점,여성전용,60만원,30만원,2인실
바다,문래동집 1호 Room D (1인실),여성전용,106만원,53만원,1인실
바다,문래동집 2호 Room D,여성전용,110만원,55만원,1인실
커먼타운,압구정229 Room G,여성전용,300만원,74만원,2인실
홈스케치,장안점,성별무관,76만원,38만원,2인실
우주,45호점,여성전용,116만원,50만원,1인실
동거동락,4호 신사점,여성전용,94만원,44만원,2인실
GROUND 쉐어하우스,강남 Room C,여성전용,130만원,66만원,1인실
로뎀나무,Joy하우스 논현점,여성전용,100만원,41만원,1인실
더원 쉐어하우스,신도림점,여성전용,150만원,59만원,1인실
동거동락,8호 논현점,여성전용,113만원,53만원,1인실
양드레하우스,논현점,여성전용,100만원,55만원,1인실
쉐어하우스 하슈,서울대입구/숭실대점,성별무관,80만원,40만원,2인실
LUMOS HOUSE,논현1호점,여성전용,100만원,60만원,1인실
우주,91호점,여성전용,114만원,49만원,1인실
양드레하우스,강남점,여성전용,100만원,40만원,2인실
동거동락,24호 신논현점,여성전용,121만원,51만원,1인실
동거동락,10호 건국대점,여성전용,110만원,51만원,1인실
동거동락,19호 서울대입구점,여성전용,117만원,54만원,1인실
동거동락,21호 청담점,여성전용,116만원,53만원,1인실
쉐어하우스 STAY,건대입구점,여성전용,100만원,45만원,1인실
쉐어하우스 이층집,건대역 2호점,여성전용,100만원,46만원,1인실
동거동락,15호 서울대입구역점,여성전용,120만원,54만원,1인실
우주,63호점,여성전용,114만원,49만원,1인실
우주,51호점,여성전용,90만원,37만원,2인실
우주,83호점,남성전용,106만원,45만원,1인실
동거동락,23호 서울대입구역점,여성전용,111만원,47만원,1인실
동거동락,6호 군자점,여성전용,112만원,53만원,1인실
동거동락,11호 서울대점,여성전용,95만원,44만원,2인실
쉐어하우스 리시안,사당역 3호(오픈) Room D,여성전용,100만원,50만원,1인실
우주,18호점,여성전용,110만원,48만원,1인실
양드레하우스,교대점,여성전용,100만원,52만원,1인실
바다,구디(구로디지털)집 A Room,여성전용,90만원,45만원,2인실
동거동락,30호점,여성전용,122만원,51만원,1인실
동거동락,28B 방배점,여성전용,119만원,51만원,1인실
동거동락,28C 방배점,여성전용,118만원,51만원,1인실
동거동락,28A 방배점,남성전용,120만원,52만원,1인실
쉐어하우스 소소한,서초 1호점,여성전용,100만원,41만원,3인실
양드레하우스,역삼점,여성전용,100만원,59만원,1인실
양드레하우스,강남그랜드점,여성전용,150만원,54만원,1인실
쉐어하우스 withsomething,역삼점,남성전용,150만원,55만원,2인실
로이허브,천호점,여성전용,45만원,45만원,2인실
함께꿈꾸는마을,송파문정마을 ROOM C,여성전용,80만원,40만원,2인실
쉐어하우스 잎,부천역점,성별무관,70만원,28만원,2인실
우주,89호점,여성전용,80만원,32만원,2인실
한송 셰어하우스,연신내역점,여성전용,60만원,39만원,1인실
동거동락,17호 경복궁역점,여성전용,113만원,52만원,1인실
따또 쉐어하우스,연희점,여성전용,80만원,41만원,1인실
우주,72호점,남성전용,84만원,34만원,1인실
우주,70호점,남성전용,86만원,35만원,1인실
우주,67호점,여성전용,82만원,33만원,1인실
동거동락,31B호점,여성전용,115만원,49만원,1인실
아띠 쉐어빌리지,팝 하우스 충정로점,남성전용,50만원,35만원,1인실
홈스케치,아현2호점,여성전용,90만원,45만원,1인실
UrbanShares,OneNam206 O2~O3,성별무관,100만원,63만원,2인실
UrbanShares,1stHQ HQ502,성별무관,100만원,75만원,1인실
바다,연남동 : 2호 B Room,여성전용,110만원,55만원,1인실
바다,연남동 : 1호 B Room,여성전용,110만원,55만원,1인실
서로가 쉐어하우스,충정로점,여성전용,50만원,53만원,1인실
플레몬 쉐어하우스,26호점,성별무관,50만원,50만원,1인실
아띠 쉐어빌리지,컬러하우스 창천동점,성별무관,50만원,46만원,1인실
자다,메이플 성신여대점,여성전용,84만원,42만원,1인실
윤쉐어하우스,연남점,여성전용,106만원,53만원,1인실
우주,94호점,남성전용,92만원,38만원,1인실
동거동락,26호 연남동점,여성전용,120만원,51만원,1인실
홈스케치,홍대2호점,성별무관,96만원,48만원,1인실
우주,55호점,여성전용,108만원,46만원,1인실
우주,60호점,여성전용,120만원,52만원,1인실
더원 쉐어하우스,공덕역점,여성전용,100만원,45만원,1인실
동거동락,13호 서울역점,여성전용,116만원,54만원,1인실
바다,성산동집 203호,성별무관,5000만원,0만원,1인실
함께꿈꾸는마을,남산소월04 Room C,여성전용,96만원,48만원,1인실
STORYHOUSE,코알라 Room 3,여성전용,46만원,46만원,1인실
자다,세인트 숙대2호점,여성전용,110만원,55만원,1인실
자다,세인트 숙대1호점,여성전용,92만원,46만원,1인실
포레스트(FOR REST),공덕역점,여성전용,116만원,54만원,1인실
더합 쉐어하우스,합정점,여성전용,28만원,28만원,3인실
쉐어하우스 비비,마포 공덕점,여성전용,108만원,54만원,1인실
마주공간 쉐어하우스,고려대(안암)점,여성전용,100만원,36만원,2인실
청년 쉐어하우스,합정점,남성전용,45만원,45만원,1인실
바다,마포동집 Room B,여성전용,110만원,55만원,1인실
동거동락,20호 약수역점,여성전용,102만원,46만원,2인실
휘겔리 쉐어하우스,망원동점,남성전용,100만원,50만원,1인실
워크 앤 리브,이태원 1호점,여성전용,126만원,55만원,1인실
동거동락,7호 제기동점,남성전용,99만원,46만원,1인실
자다,패밀리 한남점,여성전용,78만원,39만원,1인실
하늘,광운대역2호점,여성전용,50만원,40만원,1인실
동거동락,12호 외대경희대점,여성전용,112만원,49만원,1인실
동거동락,1호 중앙대점,여성전용,106만원,50만원,1인실
동거동락,9호 중앙대점,여성전용,110만원,51만원,1인실
하늘,석계점,여성전용,45만원,40만원,1인실
도란도란,외대점,여성전용,100만원,43만원,1인실
쉐어하우스 STAY,상도점,여성전용,100만원,37만원,2인실
제인스하우스,문래점,여성전용,94만원,48만원,1인실
홈스케치,장안점,성별무관,90만원,45만원,1인실
우주,45호점,여성전용,116만원,50만원,1인실
우주,38호점,여성전용,112만원,48만원,1인실
우주,37호점,여성전용,112만원,48만원,1인실
우주,96호점,여성전용,94만원,39만원,2인실
소행주 특집,장안동점,여성전용,150만원,36만원,1인실
더원 쉐어하우스,신도림점,여성전용,100만원,45만원,1인실
양드레하우스,강남점,여성전용,100만원,43만원,2인실
동거동락,24호 신논현점,여성전용,124만원,53만원,1인실
쉐어하우스 STAY,건대입구점,여성전용,100만원,43만원,1인실
쉐어하우스 이층집,건대역 2호점,여성전용,100만원,46만원,1인실
우주,63호점,여성전용,106만원,45만원,1인실
우주,82호점,남성전용,96만원,40만원,1인실
우주,83호점,여성전용,106만원,45만원,1인실
동거동락,30호점,여성전용,99만원,40만원,1인실
동거동락,28B 방배점,여성전용,120만원,52만원,1인실
동거동락,28C 방배점,여성전용,120만원,52만원,1인실
동거동락,28A 방배점,남성전용,118만원,51만원,1인실
양드레하우스,강남그랜드점,여성전용,150만원,56만원,1인실
동거동락,17호 경복궁역점,여성전용,116만원,54만원,1인실
노란숲,혜화 국제관점,여성전용,150만원,54만원,1인실
따또 쉐어하우스,연희점,여성전용,80만원,40만원,2인실
아띠 쉐어빌리지,팝 하우스 충정로점,남성전용,50만원,31만원,2인실
UrbanShares,OneNam206 O1,성별무관,0만원,0만원,2인실
UrbanShares,1stHQ HQ404,여성전용,100만원,50만원,1인실
럭키하우스(Lucky House),럭키 신촌점,여성전용,80만원,55만원,1인실
서로가 쉐어하우스,충정로점,여성전용,50만원,55만원,1인실
플레몬 쉐어하우스,26호점,성별무관,50만원,50만원,1인실
우주,94호점,남성전용,90만원,37만원,1인실
동거동락,26호 연남동점,여성전용,122만원,52만원,1인실
홈스케치,홍대2호점,성별무관,96만원,48만원,1인실
은행나무 쉐어하우스,홍대점,여성전용,0만원,53만원,2인실
동거동락,13호 서울역점,여성전용,113만원,52만원,1인실
바다,성산동집 205호,성별무관,100만원,49만원,1인실
STORYHOUSE,코알라 Room 1,여성전용,49만원,49만원,1인실
쉐어하우스 비비,마포 공덕점,여성전용,108만원,54만원,1인실
동거동락,20호 약수역점,여성전용,115만원,52만원,1인실
워크 앤 리브,이태원 1호점,여성전용,126만원,55만원,1인실
자다,패밀리 한남점,여성전용,98만원,49만원,1인실
메종드이문,이문 1호점,여성전용,150만원,53만원,1인실
동거동락,12호 외대경희대점,여성전용,120만원,53만원,1인실
동거동락,9호 중앙대점,여성전용,110만원,51만원,1인실
쉐어하우스 STAY,상도점,여성전용,100만원,47만원,1인실
우주,96호점,남성전용,102만원,43만원,1인실
소행주 특집,장안동점,여성전용,150만원,30만원,1인실
제인스하우스,신도림점,여성전용,82만원,41만원,1인실
더 하임 쉐어하우스,청담점,여성전용,20만원,55만원,1인실
양드레하우스,강남점,여성전용,100만원,55만원,1인실
동거동락,24호 신논현점,여성전용,102만원,42만원,2인실
우주,83호점,남성전용,108만원,46만원,1인실
동거동락,30호점,여성전용,123만원,52만원,1인실
동거동락,28B 방배점,여성전용,121만원,52만원,1인실
동거동락,28C 방배점,여성전용,118만원,51만원,1인실
동거동락,28A 방배점,남성전용,121만원,52만원,1인실
양드레하우스,강남그랜드점,여성전용,150만원,53만원,1인실
아띠 쉐어빌리지,팝 하우스 충정로점,남성전용,50만원,38만원,1인실
UrbanShares,OneNam206 E1,성별무관,100만원,63만원,1인실
MAKE901S 쉐어하우스,이대역점,여성전용,150만원,52만원,1인실
UrbanShares,1stHQ HQ501,성별무관,100만원,75만원,1인실
플레몬 쉐어하우스,26호점,성별무관,50만원,50만원,1인실
윤쉐어하우스,연남점,여성전용,110만원,55만원,1인실
우주,94호점,남성전용,90만원,37만원,1인실
우주,95호점,여성전용,108만원,46만원,1인실
홈스케치,홍대2호점,여성전용,100만원,50만원,1인실
홈스케치,서강대점,여성전용,90만원,45만원,1인실
은행나무 쉐어하우스,홍대점,여성전용,0만원,55만원,1인실
바다,성산동집 207호,성별무관,100만원,49만원,1인실
워크 앤 리브,이태원 1호점,여성전용,120만원,52만원,1인실
동거동락,12호 외대경희대점,여성전용,0만원,0만원,1인실
우주,96호점,남성전용,112만원,48만원,1인실
제인스하우스,신도림점,여성전용,86만원,43만원,1인실
테라스107,테라스107 Room 4,여성전용,70만원,70만원,1인실
양드레하우스,강남점,여성전용,100만원,52만원,1인실
동거동락,24호 신논현점,여성전용,125만원,53만원,1인실
우주,83호점,남성전용,108만원,46만원,1인실
동거동락,30호점,여성전용,124만원,52만원,1인실
동거동락,28B 방배점,여성전용,121만원,52만원,1인실
동거동락,28C 방배점,여성전용,118만원,51만원,1인실
동거동락,28A 방배점,남성전용,120만원,52만원,1인실
양드레하우스,강남그랜드점,여성전용,100만원,48만원,1인실
노란숲,혜화 국제관점,여성전용,150만원,55만원,1인실
UrbanShares,1stHQ HQ403,여성전용,100만원,50만원,1인실
플레몬 쉐어하우스,26호점,성별무관,50만원,45만원,1인실
홈스케치,서강대점,여성전용,90만원,45만원,1인실
은행나무 쉐어하우스,홍대점,여성전용,0만원,45만원,2인실
Calm&Mood,숙대두번째 16호점,여성전용,100만원,38만원,1인실
쉐어하우스 플라이데어,마포구청역점,여성전용,110만원,55만원,1인실
자다,메리골드 후암1호점,여성전용,98만원,49만원,1인실
워크 앤 리브,이태원 1호점,여성전용,126만원,55만원,1인실
동거동락,12호 외대경희대점,여성전용,120만원,53만원,1인실
Dream 쉐어하우스,영등포점,여성전용,66만원,33만원,2인실
우주,96호점,남성전용,112만원,48만원,1인실
제인스하우스,신도림점,여성전용,62만원,31만원,3인실
동거동락,30호점,여성전용,125만원,53만원,1인실
동거동락,28C 방배점,여성전용,119만원,51만원,1인실
양드레하우스,강남그랜드점,여성전용,150만원,61만원,1인실
UrbanShares,1stHQ HQ405,여성전용,100만원,50만원,1인실
플레몬 쉐어하우스,26호점,성별무관,50만원,60만원,1인실
홈스케치,서강대점,남성전용,90만원,40만원,1인실
라온 쉐어하우스,돈암점,여성전용,80만원,40만원,1인실
동거동락,12호 외대경희대점,여성전용,114만원,50만원,1인실
우주,84호점,여성전용,86만원,35만원,1인실
양드레하우스,강남그랜드점,여성전용,150만원,60만원,1인실
플레몬 쉐어하우스,29호점,성별무관,50만원,52만원,1인실
UrbanShares,1stHQ HQ401,여성전용,100만원,51만원,1인실
플레몬 쉐어하우스,26호점,성별무관,50만원,45만원,1인실
홈스케치,서강대점,남성전용,90만원,40만원,1인실
라온 쉐어하우스,돈암점,여성전용,80만원,40만원,1인실
워크 앤 리브,이태원 2호점,여성전용,124만원,54만원,1인실
동거동락,12호 외대경희대점,여성전용,114만원,50만원,1인실
우주,84호점,여성전용,114만원,49만원,1인실
양드레하우스,강남그랜드점,여성전용,150만원,58만원,1인실
UrbanShares,1stHQ HQ406,여성전용,100만원,50만원,1인실
자몽 셰어하우스,대학로점,여성전용,300만원,40만원,1인실
플레몬 쉐어하우스,26호점,성별무관,50만원,45만원,1인실
워크 앤 리브,이태원 2호점,여성전용,132만원,58만원,1인실
양드레하우스,강남그랜드점,여성전용,150만원,57만원,1인실
UrbanShares,1stHQ HQ407,여성전용,100만원,50만원,1인실
UrbanShares,1stHQ HQ506,성별무관,100만원,85만원,1인실
UrbanShares,1stHQ HQ504_AB,성별무관,100만원,75만원,2인실
라다팰리스,사회적주택(개봉동) 203호-1,성별무관,300만원,35만원,1인실
라다팰리스,사회적주택(개봉동) 203호-2,성별무관,300만원,30만원,1인실
라다팰리스,사회적주택(개봉동) 303호-1,성별무관,300만원,35만원,1인실
라다팰리스,사회적주택(개봉동) 303호-2,성별무관,300만원,30만원,1인실
스테이 펠릭스,충무로역점,성별무관,30만원,50만원,2인실
스테이 펠릭스,충무로역점,성별무관,30만원,55만원,1인실
스테이 펠릭스,충무로역점,성별무관,30만원,60만원,1인실
Calm&Mood,온수 17호점,성별무관,500만원,44만원,1인실
MK코하우징,연희점,여성전용,100만원,50만원,1인실
스테이 펠릭스,충무로역점,성별무관,30만원,60만원,1인실
MK코하우징,연희점,성별무관,45만원,45만원,1인실
스테이 펠릭스,충무로역점,성별무관,30만원,60만원,1인실
스테이 펠릭스,충무로역점,성별무관,30만원,60만원,1인실
스테이 펠릭스,충무로역점,성별무관,30만원,60만원,1인실
스테이 펠릭스,충무로역점,성별무관,30만원,60만원,1인실
Calm&Mood,방배 23호점,여성전용,200만원,47만원,1인실
스테이 펠릭스,충무로역점,성별무관,30만원,55만원,1인실
스테이 펠릭스,충무로역점,성별무관,30만원,55만원,1인실
스테이 펠릭스,충무로역점,성별무관,30만원,60만원,1인실
스테이 펠릭스,충무로역점,성별무관,30만원,60만원,1인실
스테이 펠릭스,충무로역점,성별무관,30만원,60만원,1인실
스테이 펠릭스,충무로역점,성별무관,30만원,60만원,1인실
스테이 펠릭스,충무로역점,성별무관,30만원,60만원,1인실
보더리스하우스,홍대 디엠씨3 Room C,여성전용,50만원,54만원,1인실
보더리스하우스,홍대 디엠씨2 Room C,여성전용,50만원,43만원,1인실
보더리스하우스,충정로1 2층 Room A,성별무관,50만원,41만원,1인실
핀휠 쉐어하우스,연대 2호점,성별무관,0만원,0만원,1인실
보더리스하우스,홍대 디엠씨1 Room A,여성전용,50만원,48만원,2인실
보더리스하우스,홍대2 Room B,성별무관,50만원,65만원,1인실
보더리스하우스,고려대1 Room B,여성전용,50만원,61만원,1인실
보더리스하우스,홍대3 Room B,여성전용,50만원,65만원,1인실
보더리스하우스,상수1 Room 1A,성별무관,50만원,52만원,1인실
봄봄,쌍문동점,여성전용,80만원,40만원,1인실
보더리스하우스,마포1 Room B,성별무관,50만원,70만원,1인실
보더리스하우스,종로1 Room A,여성전용,50만원,46만원,2인실
보더리스하우스,홍대1 Room B,여성전용,50만원,68만원,1인실
보더리스하우스,홍대5 Room D,남성전용,50만원,62만원,1인실
보더리스하우스,고려대2 Room C,성별무관,50만원,54만원,1인실
보더리스하우스,고려대3 Room C,여성전용,50만원,54만원,1인실
그리고&,월곡점,여성전용,80만원,42만원,2인실
보더리스하우스,왕십리1 Room C,여성전용,50만원,65만원,1인실
보더리스하우스,청량리1 Room B,남성전용,50만원,59만원,1인실
보더리스하우스,영등포1 Room B,여성전용,50만원,60만원,1인실
보더리스하우스,장한평1 Room C,성별무관,50만원,63만원,1인실
보더리스하우스,강남3 Room A,여성전용,50만원,60만원,1인실
보더리스하우스,신도림1 Room B,성별무관,50만원,68만원,1인실
비비안느,논현점,여성전용,200만원,59만원,1인실
청춘가,서울대입구 2호점,여성전용,112만원,56만원,1인실
청춘가,서울대입구 1호점,여성전용,106만원,53만원,1인실
짱가,신림 2호점,여성전용,64만원,32만원,1인실
보더리스하우스,강남2 Room A,여성전용,50만원,68만원,1인실
보더리스하우스,홍대 디엠씨3 Room A,여성전용,50만원,42만원,2인실
보더리스하우스,홍대 디엠씨2 Room A,여성전용,50만원,43만원,2인실
보더리스하우스,충정로1 2층 Room C (화장실 포함),성별무관,50만원,63만원,1인실
핀휠 쉐어하우스,연대 2호점,성별무관,0만원,0만원,2인실
둥지,1호점,여성전용,100만원,45만원,2인실
포코 쉐어하우스,연남점,여성전용,62만원,31만원,2인실
보더리스하우스,홍대 디엠씨1 Room B,여성전용,50만원,48만원,2인실
보더리스하우스,홍대2 Room A,남성전용,50만원,50만원,2인실
보더리스하우스,고려대1 Room A,여성전용,50만원,61만원,2인실
보더리스하우스,홍대3 Room A,여성전용,50만원,43만원,2인실
보더리스하우스,상수1 Room 2A,성별무관,50만원,65만원,1인실
봄봄,쌍문동점,여성전용,66만원,33만원,2인실
보더리스하우스,마포1 Room A,남성전용,50만원,51만원,2인실
보더리스하우스,종로1 Room B (화장실 포함),여성전용,50만원,53만원,2인실
보더리스하우스,홍대1 Room A,여성전용,50만원,53만원,2인실
보더리스하우스,홍대5 Room A,남성전용,50만원,53만원,2인실
보더리스하우스,고려대2 Room D,성별무관,50만원,55만원,1인실
보더리스하우스,고려대3 Room D,여성전용,50만원,55만원,1인실
그리고&,월곡점,여성전용,80만원,42만원,2인실
보더리스하우스,왕십리1 Room A,여성전용,50만원,48만원,2인실
보더리스하우스,청량리1 Room A (화장실 포함),남성전용,50만원,46만원,2인실
보더리스하우스,영등포1 Room D,여성전용,50만원,49만원,1인실
보더리스하우스,장한평1 Room A,남성전용,50만원,48만원,2인실
보더리스하우스,강남3 Room B,여성전용,50만원,62만원,1인실
보더리스하우스,신도림1 Room C,남성전용,50만원,48만원,2인실
비비안느,논현점,여성전용,100만원,45만원,3인실
청춘가,서울대입구 1호점,여성전용,106만원,53만원,1인실
청춘가,서울대입구 2호점,여성전용,112만원,56만원,1인실
짱가,신림 2호점,여성전용,68만원,34만원,1인실
보더리스하우스,강남2 Room B,여성전용,50만원,50만원,1인실
보더리스하우스,홍대 디엠씨3 Room B (화장실 포함),여성전용,50만원,35만원,4인실
보더리스하우스,홍대 디엠씨2 Room B (화장실 포함),여성전용,50만원,37만원,3인실
보더리스하우스,충정로1 3층 Room A,성별무관,50만원,41만원,1인실
핀휠 쉐어하우스,연대 2호점,성별무관,0만원,0만원,1인실
둥지,1호점,여성전용,100만원,40만원,3인실
보더리스하우스,홍대 디엠씨1 Room C (화장실 포함),여성전용,50만원,40만원,4인실
잇츠하우스,홍대점,여성전용,100만원,30만원,4인실
보더리스하우스,홍대2 Room C (화장실 포함),여성전용,50만원,41만원,4인실
짱가,남산점,남성전용,68만원,34만원,2인실
보더리스하우스,고려대1 Room C,여성전용,50만원,46만원,2인실
보더리스하우스,홍대3 Room C (화장실 포함),여성전용,50만원,43만원,3인실
아띠 쉐어빌리지,홍남하우스 홍대점,남성전용,50만원,40만원,2인실
아띠 쉐어빌리지,홍순하우스 홍대점,여성전용,50만원,40만원,2인실
보더리스하우스,상수1 Room 2D,성별무관,50만원,65만원,1인실
봄봄,쌍문동점,여성전용,66만원,33만원,2인실
보더리스하우스,마포1 Room C (화장실 포함),여성전용,50만원,56만원,2인실
보더리스하우스,종로1 Room C,여성전용,50만원,45만원,2인실
보더리스하우스,홍대1 Room C (화장실 포함),여성전용,82만원,41만원,3인실
보더리스하우스,홍대5 Room C,여성전용,50만원,50만원,2인실
보더리스하우스,고려대2 Room E,성별무관,50만원,55만원,1인실
보더리스하우스,고려대3 Room E,여성전용,50만원,55만원,1인실
그리고&,월곡점,여성전용,80만원,40만원,3인실
보더리스하우스,왕십리1 Room B (화장실 포함),여성전용,50만원,43만원,3인실
보더리스하우스,청량리1 Room C,여성전용,50만원,43만원,2인실
보더리스하우스,영등포1 Room A,여성전용,50만원,44만원,2인실
보더리스하우스,장한평1 Room B (화장실포함),여성전용,50만원,39만원,3인실
보더리스하우스,강남3 Room C,여성전용,50만원,45만원,2인실
보더리스하우스,신도림1 Room A (화장실 포함),여성전용,50만원,39만원,4인실
비비안느,논현점,여성전용,100만원,35만원,4인실
청춘가,서울대입구 2호점,여성전용,94만원,47만원,2인실
청춘가,서울대입구 1호점,여성전용,98만원,49만원,2인실
시작(SIZAK)쉐어하우스,이수/남성점,여성전용,70만원,35만원,2인실
달달 쉐어하우스,청담점,여성전용,0만원,0만원,3인실
짱가,신림 2호점,여성전용,60만원,30만원,2인실
보더리스하우스,강남2 Room C (화장실 포함),여성전용,50만원,55만원,2인실
보더리스하우스,충정로1 3층 Room C (화장실 포함),성별무관,50만원,63만원,1인실
원앤원하우스,길음역국민대_서경대점,여성전용,0만원,0만원,0인실
짱가,남산점,남성전용,68만원,34만원,2인실
보더리스하우스,고려대1 Room D (화장실 포함),여성전용,50만원,41만원,3인실
아띠 쉐어빌리지,홍남하우스 홍대점,남성전용,50만원,38만원,4인실
아띠 쉐어빌리지,홍순하우스 홍대점,여성전용,50만원,30만원,6인실
보더리스하우스,상수1 Room 3A,성별무관,50만원,65만원,1인실
봄봄,쌍문동점,여성전용,66만원,33만원,3인실
팸하우스,상수점,여성전용,0만원,0만원,1인실
보더리스하우스,홍대5 Room B,여성전용,50만원,40만원,3인실
보더리스하우스,고려대2 Room A,성별무관,50만원,46만원,2인실
보더리스하우스,고려대3 Room A,여성전용,50만원,46만원,2인실
보더리스하우스,청량리1 Room D (화장실 포함),여성전용,50만원,35만원,4인실
보더리스하우스,영등포1 Room C (화장실 포함),여성전용,50만원,50만원,2인실
보더리스하우스,강남3 Room D (화장실 포함),여성전용,50만원,49만원,2인실
비비안느,논현점,여성전용,100만원,35만원,4인실
복덕방,논현1호점,여성전용,80만원,45만원,2인실
청춘가,서울대입구 1호점,여성전용,86만원,43만원,2인실
청춘가,서울대입구 2호점,여성전용,102만원,51만원,2인실
동네친구,1호점,여성전용,70만원,35만원,3인실
보더리스하우스,강남2 Room D,여성전용,50만원,52만원,2인실
보더리스하우스,충정로1 3층 Room E,성별무관,50만원,45만원,1인실
아띠 쉐어빌리지,홍남하우스 홍대점,남성전용,50만원,38만원,2인실
아띠 쉐어빌리지,홍순하우스 홍대점,여성전용,50만원,38만원,2인실
보더리스하우스,상수1 Room 1B,성별무관,50만원,42만원,2인실
보더리스하우스,고려대2 Room B,성별무관,50만원,40만원,2인실
보더리스하우스,고려대3 Room B,여성전용,50만원,40만원,2인실
세렘 쉐어하우스,신대방점,여성전용,70만원,30만원,2인실
청춘가,서울대입구 1호점,여성전용,86만원,43만원,2인실
청춘가,서울대입구 2호점,여성전용,90만원,45만원,2인실
보더리스하우스,충정로1 4층 Room B (화장실 포함),성별무관,50만원,63만원,1인실
아띠 쉐어빌리지,홍남하우스 홍대점,남성전용,50만원,40만원,2인실
아띠 쉐어빌리지,홍순하우스 홍대점,여성전용,50만원,40만원,2인실
보더리스하우스,상수1 Room 2B,성별무관,50만원,50만원,2인실
보더리스하우스,고려대2 Room F,성별무관,50만원,40만원,2인실
보더리스하우스,고려대3 Room F,여성전용,50만원,40만원,2인실
보더리스하우스,충정로1 4층 Room C,성별무관,50만원,51만원,1인실
보더리스하우스,상수1 Room 2C,성별무관,50만원,55만원,2인실
보더리스하우스,충정로1 4층 Room D,성별무관,50만원,50만원,1인실
보더리스하우스,상수1 Room 3B,성별무관,50만원,46만원,2인실
보더리스하우스,충정로1 2층 Room B (화장실 포함),성별무관,50만원,48만원,2인실
보더리스하우스,상수1 Room 3C (화장실 포함),여성전용,50만원,40만원,3인실
보더리스하우스,충정로1 2층 Room D,성별무관,50만원,43만원,2인실
보더리스하우스,충정로1 3층 Room B (화장실 포함),성별무관,50만원,48만원,2인실
보더리스하우스,충정로1 3층 Room D,성별무관,50만원,36만원,2인실
보더리스하우스,충정로1 4층 Room A (화장실 포함),성별무관,50만원,48만원,2인실
자몽 셰어하우스,한성대성북점,남성전용,0만원,0만원,1인실
자몽 셰어하우스,한성대성북점,남성전용,0만원,0만원,1인실
자몽 셰어하우스,한성대성북점,남성전용,0만원,0만원,1인실
자몽 셰어하우스,한성대성북점,남성전용,0만원,0만원,1인실
